freq,stk_flow,unit,geo\TIME_PERIOD	2013-01 	2013-02 	2013-03 	2013-04 	2013-05 	2013-06 	2013-07 	2013-08 	2013-09 	2013-10 	2013-11 	2013-12 	2014-01 	2014-02 	2014-03 	2014-04 	2014-05 	2014-06 	2014-07 	2014-08 	2014-09 	2014-10 	2014-11 	2014-12 	2015-01 	2015-02 	2015-03 	2015-04 	2015-05 	2015-06 	2015-07 	2015-08 	2015-09 	2015-10 	2015-11 	2015-12 	2016-01 	2016-02 	2016-03 	2016-04 	2016-05 	2016-06 	2016-07 	2016-08 	2016-09 	2016-10 	2016-11 	2016-12 	2017-01 	2017-02 	2017-03 	2017-04 	2017-05 	2017-06 	2017-07 	2017-08 	2017-09 	2017-10 	2017-11 	2017-12 	2018-01 	2018-02 	2018-03 	2018-04 	2018-05 	2018-06 	2018-07 	2018-08 	2018-09 	2018-10 	2018-11 	2018-12 	2019-01 	2019-02 	2019-03 	2019-04 	2019-05 	2019-06 	2019-07 	2019-08 	2019-09 	2019-10 	2019-11 	2019-12 	2020-01 	2020-02 	2020-03 	2020-04 	2020-05 	2020-06 	2020-07 	2020-08 	2020-09 	2020-10 	2020-11 	2020-12 	2021-01 	2021-02 	2021-03 	2021-04 	2021-05 	2021-06 	2021-07 	2021-08 	2021-09 	2021-10 	2021-11 	2021-12 	2022-01 	2022-02 	2022-03 	2022-04 	2022-05 	2022-06 	2022-07 	2022-08 	2022-09 	2022-10 	2022-11 	2022-12 	2023-01 	2023-02 	2023-03 	2023-04 	2023-05 	2023-06 	2023-07 	2023-08 	2023-09 	2023-10 	2023-11 	2023-12 	2024-01 	2024-02 	2024-03 	2024-04 	2024-05 	2024-06 	2024-07 	2024-08 	2024-09 	2024-10 	2024-11 	2024-12 	2025-01 	2025-02 	2025-03 	2025-04 	2025-05 	2025-06 	2025-07 	2025-08 	2025-09 	2025-10 	2025-11 	2025-12 	2026-01 	2026-02 	2026-03 	2026-04 	2026-05 	2026-06 
M,IC_DC,THS_T,AL	: 	: 	: 	: 	: 	: 	: 	: 	: 	: 	: 	: 	: 	: 	: 	: 	: 	: 	: 	: 	: 	: 	: 	: 	: 	: 	: 	: 	: 	: 	: 	: 	: 	: 	: 	: 	: 	: 	: 	: 	: 	: 	: 	: 	: 	: 	: 	: 	: 	: 	: 	: 	: 	: 	: 	: 	: 	: 	: 	: 	: 	: 	: 	: 	: 	: 	: 	: 	: 	: 	: 	: 	: 	: 	: 	: 	: 	: 	: 	: 	: 	: 	: 	: 	: 	: 	: 	: 	: 	: 	: 	: 	: 	: 	: 	0.000 	0.000 	0.000 	0.000 	0.000 	0.000 	0.000 	0.000 	0.000 	0.000 	0.000 	0.000 	0.000 	0.000 	0.000 	0.000 	0.000 	0.000 	0.000 	0.000 	0.000 	0.000 	0.000 	0.000 	0.000 	0.000 	0.000 	0.000 	0.000 	0.000 	0.000 	0.000 	0.000 	0.000 	0.000 	0.000 	0.000 	0.000 	0.000 	0.000 	0.000 	0.000 	0.000 	0.000 	0.000 	0.000 	0.000 	0.000 	0.000 	0.000 	0.000 	0.000 	0.000 	0.000 	0.000 	0.000 	0.000 	0.000 	0.000 	0.000 	0.000 	0.000 	0.000 	0.000 	0.000 	0.000 	: 
M,IC_DC,THS_T,BE	: 	: 	: 	: 	: 	: 	: 	: 	: 	: 	: 	: 	: 	: 	: 	: 	: 	: 	: 	: 	: 	: 	: 	: 	: 	: 	: 	: 	: 	: 	: 	: 	: 	: 	: 	: 	: 	: 	: 	: 	: 	: 	: 	: 	: 	: 	: 	: 	: 	: 	: 	: 	: 	: 	: 	: 	: 	: 	: 	: 	: 	: 	: 	: 	: 	: 	: 	: 	: 	: 	: 	: 	: 	: 	: 	: 	: 	: 	: 	: 	: 	: 	: 	: 	: 	: 	: 	: 	: 	: 	: 	: 	: 	: 	: 	: 	: 	: 	: 	: 	: 	: 	: 	: 	: 	: 	: 	: 	: 	: 	: 	: 	: 	: 	: 	: 	: 	: 	: 	: 	: 	: 	: 	: 	: 	: 	: 	: 	: 	: 	: 	: 	: 	: 	: 	: 	: 	: 	: 	: 	: 	: 	: 	: 	0.000 	0.000 	: 	: 	: 	: 	: 	: 	: 	: 	: 	: 	: 	: 	: 	: 	: 	: 
M,IC_DC,THS_T,BG	: 	: 	: 	: 	: 	: 	: 	: 	: 	: 	: 	: 	: 	: 	: 	: 	: 	: 	: 	: 	: 	: 	: 	: 	: 	: 	: 	: 	: 	: 	: 	: 	: 	: 	: 	: 	: 	: 	: 	: 	: 	: 	: 	: 	: 	: 	: 	: 	: 	: 	: 	: 	: 	: 	: 	: 	: 	: 	: 	: 	: 	: 	: 	: 	: 	: 	: 	: 	: 	: 	: 	: 	: 	: 	: 	: 	: 	: 	: 	: 	: 	: 	: 	: 	: 	: 	: 	: 	: 	: 	: 	: 	: 	: 	: 	: 	: 	: 	: 	: 	: 	: 	: 	: 	: 	: 	: 	: 	: 	: 	: 	: 	: 	: 	: 	: 	: 	: 	: 	: 	: 	: 	: 	: 	: 	: 	: 	: 	: 	: 	: 	: 	: 	: 	: 	: 	: 	: 	: 	: 	: 	: 	: 	: 	: 	0.000 	0.000 	0.000 	0.000 	0.000 	0.000 	0.000 	: 	: 	: 	: 	: 	: 	: 	: 	: 	: 
M,IC_DC,THS_T,CZ	: 	: 	: 	: 	: 	: 	: 	: 	: 	: 	: 	: 	: 	: 	: 	: 	: 	: 	: 	: 	: 	: 	: 	: 	: 	: 	: 	: 	: 	: 	: 	: 	: 	: 	: 	: 	: 	: 	: 	: 	: 	: 	: 	: 	: 	: 	: 	: 	: 	: 	: 	: 	: 	: 	: 	: 	: 	: 	: 	: 	: 	: 	: 	: 	: 	: 	: 	: 	: 	: 	: 	: 	: 	: 	: 	: 	: 	: 	: 	: 	: 	: 	: 	: 	: 	: 	: 	: 	: 	: 	: 	: 	: 	: 	: 	: 	: 	: 	: 	: 	: 	: 	: 	: 	: 	: 	: 	: 	: 	: 	: 	: 	: 	: 	: 	: 	: 	: 	: 	: 	: 	: 	: 	: 	: 	: 	: 	: 	: 	: 	: 	: 	: 	: 	: 	: 	: 	: 	: 	: 	: 	: 	: 	: 	: 	: 	: 	: 	: 	: 	: 	: 	: 	: 	: 	: 	: 	: 	: 	: 	: 	0.000 
M,IC_DC,THS_T,DK	21.000 	21.000 	21.000 	20.000 	20.000 	20.000 	20.000 	20.000 	20.000 	20.000 	20.000 	20.000 	20.000 	20.000 	20.000 	20.000 	20.000 	20.000 	20.000 	20.000 	20.000 	20.000 	20.000 	20.000 	20.000 	20.000 	20.000 	20.000 	20.000 	20.000 	20.000 	20.000 	20.000 	20.000 	20.000 	20.000 	20.000 	20.000 	20.000 	20.000 	20.000 	20.000 	20.000 	20.000 	20.000 	20.000 	20.000 	20.000 	20.000 	20.000 	20.000 	20.000 	20.000 	20.000 	20.000 	20.000 	20.000 	20.000 	20.000 	20.000 	20.000 	20.000 	20.000 	20.000 	20.000 	20.000 	20.000 	20.000 	20.393 	20.393 	20.393 	20.393 	20.393 	20.393 	20.393 	20.393 	20.393 	20.393 	20.393 	20.393 	20.393 	20.393 	20.393 	20.393 	20.919 	20.919 	20.919 	20.919 	20.919 	20.919 	20.545 	20.545 	20.545 	20.545 	20.545 	20.545 	20.545 	20.545 	20.545 	20.545 	20.545 	20.545 	17.538 	17.538 	17.538 	17.538 	17.538 	17.538 	17.538 	17.538 	17.538 	17.538 	17.538 	17.538 	18.053 	18.053 	18.053 	18.053 	18.053 	18.053 	18.053 	18.053 	18.053 	18.053 	18.053 	18.053 	19.111 	19.111 	19.111 	19.111 	19.111 	19.111 	19.111 	19.111 	19.111 	19.111 	19.111 	19.111 	18.756 	18.756 	18.756 	18.756 	18.756 	18.756 	17.957 	17.957 	17.957 	17.957 	17.957 	17.957 	17.908 	17.908 	17.908 	17.908 	17.908 	17.908 	17.908 	17.908 	17.908 	17.908 	17.908 	: 
M,IC_DC,THS_T,EE	3.000 	3.000 	3.000 	3.000 	3.000 	3.000 	3.000 	3.000 	3.000 	3.000 	3.000 	3.000 	3.000 	3.000 	3.000 	3.000 	3.000 	3.000 	3.000 	: 	: 	: 	: 	: 	: 	: 	: 	3.000 	3.000 	3.000 	3.000 	3.000 	3.000 	3.000 	3.000 	3.000 	3.000 	3.000 	3.000 	3.000 	3.000 	3.000 	3.000 	3.000 	3.000 	3.000 	3.000 	3.000 	3.000 	3.000 	3.000 	3.000 	3.000 	3.000 	3.000 	3.000 	3.000 	3.000 	3.000 	3.000 	3.000 	3.000 	3.000 	3.000 	3.000 	3.000 	3.000 	3.000 	3.000 	3.000 	3.000 	3.000 	3.000 	3.000 	3.000 	3.000 	3.000 	3.000 	3.000 	3.000 	3.000 	3.000 	3.000 	3.399 	3.569 	3.569 	3.399 	3.399 	3.399 	3.399 	3.399 	3.399 	3.399 	3.399 	3.399 	3.399 	: 	: 	: 	: 	: 	: 	: 	: 	: 	: 	: 	: 	: 	: 	: 	: 	: 	: 	3.422 	3.422 	3.422 	3.422 	3.422 	3.422 	3.422 	3.422 	3.422 	3.422 	3.422 	3.422 	3.422 	3.422 	3.422 	3.422 	3.422 	3.422 	3.422 	3.422 	3.422 	3.422 	3.422 	3.422 	3.422 	3.422 	3.278 	3.278 	3.278 	3.278 	3.278 	3.278 	2.617 	3.501 	2.617 	2.617 	2.679 	3.492 	3.492 	3.492 	3.492 	3.492 	3.492 	3.492 	3.492 	3.492 	3.492 	: 
M,IC_DC,THS_T,EL	: 	: 	: 	: 	: 	: 	: 	: 	: 	: 	: 	: 	: 	: 	: 	: 	: 	: 	: 	: 	: 	: 	: 	: 	: 	: 	: 	: 	: 	: 	: 	: 	: 	: 	: 	: 	: 	: 	: 	: 	: 	: 	: 	: 	: 	: 	: 	: 	: 	: 	: 	: 	: 	: 	: 	: 	: 	: 	: 	: 	: 	: 	: 	: 	: 	: 	: 	: 	: 	: 	: 	: 	: 	: 	: 	31.000 	31.000 	31.000 	31.000 	31.000 	31.000 	31.000 	31.000 	31.000 	: 	: 	: 	: 	: 	: 	: 	: 	: 	: 	: 	: 	: 	: 	: 	: 	: 	: 	: 	: 	: 	: 	: 	: 	: 	: 	: 	: 	: 	: 	: 	: 	: 	: 	: 	: 	: 	: 	: 	: 	: 	: 	: 	: 	: 	: 	: 	: 	: 	: 	: 	: 	: 	: 	: 	: 	: 	: 	: 	: 	: 	: 	: 	: 	: 	: 	31.304 	31.304 	31.304 	31.304 	31.304 	31.304 	31.304 	31.304 	31.304 	31.304 	31.304 	: 
M,IC_DC,THS_T,ES	: 	: 	: 	: 	: 	: 	: 	: 	: 	: 	: 	: 	: 	: 	: 	: 	: 	: 	: 	: 	: 	: 	: 	: 	: 	: 	: 	: 	: 	: 	: 	: 	: 	: 	: 	: 	: 	: 	: 	: 	: 	: 	: 	: 	: 	: 	: 	: 	: 	: 	: 	: 	: 	: 	: 	: 	: 	: 	: 	: 	: 	: 	: 	: 	: 	: 	: 	: 	: 	: 	: 	: 	: 	: 	: 	: 	: 	: 	: 	: 	: 	: 	: 	: 	: 	: 	: 	: 	: 	: 	: 	: 	: 	: 	: 	: 	: 	: 	: 	: 	: 	: 	: 	: 	: 	: 	: 	: 	: 	: 	: 	: 	: 	: 	: 	: 	: 	: 	: 	: 	: 	: 	: 	: 	: 	: 	: 	: 	: 	: 	: 	: 	0.000 	0.000 	0.000 	0.000 	0.000 	0.000 	0.000 	0.000 	0.000 	0.000 	0.000 	0.000 	: 	: 	: 	: 	: 	: 	: 	: 	: 	: 	: 	: 	: 	: 	: 	: 	: 	: 
M,IC_DC,THS_T,FI	: 	: 	: 	: 	: 	: 	: 	: 	: 	: 	: 	: 	: 	: 	: 	: 	: 	: 	: 	: 	: 	: 	: 	: 	: 	: 	: 	: 	: 	: 	: 	: 	: 	: 	: 	: 	: 	: 	: 	: 	22.000 	: 	: 	: 	: 	: 	: 	: 	: 	: 	: 	: 	: 	: 	: 	: 	: 	: 	: 	: 	: 	: 	: 	: 	: 	: 	: 	: 	: 	: 	: 	: 	: 	: 	: 	: 	: 	: 	: 	: 	: 	: 	: 	: 	: 	: 	: 	: 	: 	: 	: 	: 	: 	: 	: 	: 	: 	: 	: 	: 	: 	: 	: 	: 	: 	: 	: 	: 	: 	: 	: 	: 	: 	: 	: 	: 	: 	: 	: 	: 	: 	: 	: 	: 	: 	: 	: 	: 	: 	: 	: 	: 	: 	: 	: 	: 	: 	: 	: 	: 	: 	: 	: 	: 	: 	: 	0.000 	0.000 	0.000 	0.000 	0.000 	0.000 	: 	0.000 	0.000 	: 	: 	: 	: 	: 	0.000 	: 
M,IC_DC,THS_T,FR	: 	: 	: 	: 	: 	: 	: 	: 	: 	: 	: 	: 	: 	: 	: 	: 	: 	: 	: 	: 	: 	: 	: 	: 	: 	: 	: 	: 	: 	: 	: 	: 	: 	: 	: 	: 	: 	: 	: 	: 	: 	: 	: 	: 	: 	: 	: 	: 	: 	: 	: 	: 	: 	: 	: 	: 	: 	: 	: 	: 	: 	: 	: 	: 	: 	: 	: 	: 	: 	: 	: 	: 	: 	: 	: 	: 	: 	: 	: 	: 	: 	: 	: 	: 	: 	: 	: 	: 	: 	: 	: 	: 	: 	: 	: 	: 	: 	: 	: 	: 	: 	: 	: 	: 	: 	: 	: 	: 	: 	: 	: 	: 	: 	: 	: 	: 	: 	: 	: 	: 	: 	: 	: 	: 	: 	: 	: 	: 	: 	: 	: 	: 	: 	: 	: 	: 	: 	: 	: 	: 	: 	: 	: 	: 	0.000 	0.000 	0.000 	0.000 	0.000 	0.000 	0.000 	0.000 	0.000 	0.000 	0.000 	0.000 	: 	: 	: 	: 	: 	: 
M,IC_DC,THS_T,GE	: 	: 	: 	: 	: 	: 	: 	: 	: 	: 	: 	: 	: 	: 	: 	: 	: 	: 	: 	: 	: 	: 	: 	: 	: 	: 	: 	: 	: 	: 	: 	: 	: 	: 	: 	: 	: 	: 	: 	: 	: 	: 	: 	: 	: 	: 	: 	: 	: 	: 	: 	: 	: 	: 	: 	: 	: 	: 	: 	: 	: 	: 	: 	: 	: 	: 	: 	: 	: 	: 	: 	: 	: 	: 	: 	: 	: 	: 	: 	: 	: 	: 	: 	: 	: 	: 	: 	: 	: 	: 	: 	: 	: 	: 	: 	: 	0.000 	0.000 	0.000 	0.000 	0.000 	0.000 	0.000 	0.000 	0.000 	0.000 	0.000 	0.000 	0.000 	0.000 	0.000 	0.000 	0.000 	0.000 	0.000 	0.000 	0.000 	0.000 	0.000 	0.000 	0.000 	0.000 	0.000 	0.000 	0.000 	0.000 	0.000 	0.000 	0.000 	0.000 	0.000 	0.000 	0.000 	0.000 	0.000 	0.000 	0.000 	0.000 	0.000 	0.000 	0.000 	0.000 	0.000 	0.000 	0.000 	0.000 	0.000 	0.000 	0.000 	0.000 	0.000 	0.000 	0.000 	0.000 	0.000 	0.000 	0.000 	0.000 	0.000 	0.000 	0.000 	: 
M,IC_DC,THS_T,HR	: 	: 	: 	: 	: 	: 	: 	: 	: 	: 	: 	: 	: 	: 	: 	: 	: 	: 	: 	: 	: 	: 	: 	: 	: 	: 	: 	: 	: 	: 	: 	: 	: 	: 	: 	: 	: 	: 	: 	: 	: 	: 	: 	: 	: 	: 	: 	: 	: 	: 	: 	: 	: 	: 	: 	: 	: 	: 	: 	: 	: 	: 	: 	: 	: 	: 	: 	: 	: 	: 	: 	: 	: 	: 	: 	: 	: 	: 	: 	: 	: 	: 	: 	: 	: 	: 	: 	: 	: 	: 	: 	: 	: 	: 	: 	: 	: 	: 	: 	: 	: 	: 	: 	: 	: 	: 	: 	: 	: 	: 	: 	: 	: 	: 	: 	: 	: 	: 	: 	: 	: 	: 	: 	: 	: 	: 	: 	: 	: 	: 	: 	: 	: 	: 	: 	: 	: 	: 	: 	: 	: 	: 	: 	: 	: 	0.000 	0.000 	0.000 	0.000 	0.000 	0.000 	0.000 	0.000 	0.000 	0.000 	0.000 	: 	: 	: 	: 	: 	: 
M,IC_DC,THS_T,IE	20.000 	20.000 	20.000 	: 	: 	: 	: 	: 	: 	19.000 	: 	: 	: 	: 	: 	: 	: 	: 	: 	: 	: 	: 	: 	: 	: 	: 	: 	: 	: 	: 	: 	: 	: 	: 	: 	: 	: 	: 	: 	: 	: 	: 	: 	: 	: 	: 	: 	: 	: 	: 	: 	: 	: 	: 	: 	: 	: 	: 	: 	: 	: 	: 	: 	: 	: 	: 	: 	: 	: 	: 	: 	: 	: 	: 	: 	: 	: 	: 	: 	: 	: 	: 	: 	: 	: 	: 	: 	: 	: 	: 	: 	: 	: 	: 	: 	: 	: 	: 	: 	: 	: 	: 	: 	: 	: 	: 	: 	: 	: 	: 	: 	: 	: 	: 	: 	: 	: 	: 	: 	: 	: 	: 	: 	: 	: 	: 	: 	: 	: 	: 	: 	: 	: 	: 	: 	: 	: 	: 	: 	: 	: 	: 	: 	: 	0.000 	0.000 	0.000 	0.000 	0.000 	0.000 	0.000 	0.000 	0.000 	0.000 	0.000 	0.000 	: 	: 	: 	: 	: 	: 
M,IC_DC,THS_T,IT	: 	: 	: 	: 	: 	: 	: 	: 	: 	: 	: 	: 	: 	: 	: 	: 	: 	: 	: 	: 	: 	: 	: 	: 	: 	: 	: 	: 	: 	: 	: 	: 	: 	: 	: 	: 	: 	: 	: 	: 	: 	: 	: 	: 	: 	: 	: 	: 	: 	: 	: 	: 	: 	: 	: 	: 	: 	: 	: 	: 	: 	: 	: 	: 	: 	: 	: 	: 	: 	: 	: 	: 	: 	: 	: 	: 	: 	: 	: 	: 	: 	: 	: 	: 	: 	: 	: 	: 	: 	: 	: 	: 	: 	: 	: 	: 	: 	: 	: 	: 	: 	: 	: 	: 	: 	: 	: 	: 	: 	: 	: 	: 	: 	: 	: 	: 	: 	: 	: 	: 	: 	: 	: 	: 	: 	: 	: 	: 	: 	: 	: 	: 	: 	: 	: 	: 	: 	: 	: 	: 	: 	: 	: 	: 	0.000 	0.000 	0.000 	0.000 	0.000 	: 	: 	: 	: 	: 	: 	: 	: 	: 	: 	: 	: 	: 
M,IC_DC,THS_T,LT	: 	: 	: 	: 	: 	: 	: 	: 	: 	: 	: 	: 	: 	: 	: 	: 	: 	: 	: 	: 	: 	: 	: 	: 	: 	: 	: 	: 	: 	: 	: 	: 	: 	: 	: 	: 	: 	: 	: 	: 	: 	: 	: 	: 	: 	: 	: 	: 	: 	: 	: 	: 	: 	: 	: 	: 	: 	: 	: 	: 	: 	: 	: 	: 	: 	: 	: 	: 	: 	: 	: 	: 	: 	: 	: 	: 	: 	: 	: 	: 	: 	: 	: 	: 	: 	: 	: 	: 	: 	: 	: 	: 	: 	: 	: 	: 	: 	: 	: 	: 	: 	: 	: 	: 	: 	: 	: 	: 	: 	: 	: 	: 	: 	: 	: 	: 	: 	: 	: 	: 	: 	: 	: 	: 	: 	: 	: 	: 	: 	: 	: 	: 	: 	: 	: 	: 	: 	: 	: 	: 	: 	: 	: 	: 	0.000 	0.000 	0.000 	0.000 	0.000 	0.000 	0.000 	0.000 	0.000 	0.000 	0.000 	0.000 	: 	: 	: 	: 	: 	: 
M,IC_DC,THS_T,LU	: 	: 	: 	: 	: 	: 	: 	: 	: 	: 	: 	: 	: 	: 	: 	: 	: 	: 	: 	: 	: 	: 	: 	: 	: 	: 	: 	: 	: 	: 	: 	: 	: 	: 	: 	: 	: 	: 	: 	: 	: 	: 	: 	: 	: 	: 	: 	: 	: 	: 	: 	: 	: 	: 	: 	: 	: 	: 	: 	: 	: 	: 	: 	: 	: 	: 	: 	: 	: 	: 	: 	: 	: 	: 	: 	: 	: 	: 	: 	: 	: 	: 	: 	: 	: 	: 	: 	: 	: 	: 	: 	: 	: 	: 	: 	: 	: 	: 	: 	: 	: 	: 	: 	: 	: 	: 	: 	: 	: 	: 	: 	: 	: 	: 	: 	: 	: 	: 	: 	: 	: 	: 	: 	: 	: 	: 	: 	: 	: 	: 	: 	: 	0.000 	0.000 	0.000 	0.000 	0.000 	0.000 	0.000 	0.000 	0.000 	0.000 	0.000 	0.000 	0.000 	0.000 	0.000 	0.000 	0.000 	0.000 	0.000 	0.000 	0.000 	0.000 	0.000 	0.000 	: 	: 	: 	: 	: 	: 
M,IC_DC,THS_T,MD	: 	: 	: 	: 	: 	: 	: 	: 	: 	: 	: 	: 	: 	: 	: 	: 	: 	: 	: 	: 	: 	: 	: 	: 	: 	: 	: 	: 	: 	: 	: 	: 	: 	: 	: 	: 	: 	: 	: 	: 	: 	: 	: 	: 	: 	: 	: 	: 	: 	: 	: 	: 	: 	: 	: 	: 	: 	: 	: 	: 	: 	: 	: 	: 	: 	: 	: 	: 	: 	: 	: 	: 	: 	: 	: 	: 	: 	: 	: 	: 	: 	: 	: 	: 	: 	: 	: 	: 	: 	: 	: 	: 	: 	: 	: 	: 	0.000 	0.000 	0.000 	0.000 	0.000 	0.000 	0.000 	0.000 	0.000 	0.000 	0.000 	0.000 	0.000 	0.000 	0.000 	0.000 	0.000 	0.000 	0.000 	0.000 	0.000 	0.000 	0.000 	0.000 	0.000 	0.000 	0.000 	0.000 	0.000 	0.000 	0.000 	0.000 	0.000 	0.000 	0.000 	0.000 	0.000 	0.000 	0.000 	0.000 	0.000 	0.000 	0.000 	0.000 	0.000 	0.000 	0.000 	0.000 	0.000 	0.000 	0.000 	0.000 	0.000 	0.000 	0.000 	0.000 	0.000 	0.000 	0.000 	0.000 	0.000 	0.000 	0.000 	0.000 	0.000 	: 
M,IC_DC,THS_T,ME	: 	: 	: 	: 	: 	: 	: 	: 	: 	: 	: 	: 	: 	: 	: 	: 	: 	: 	: 	: 	: 	: 	: 	: 	: 	: 	: 	: 	: 	: 	: 	: 	: 	: 	: 	: 	: 	: 	: 	: 	: 	: 	: 	: 	: 	: 	: 	: 	: 	: 	: 	: 	: 	: 	: 	: 	: 	: 	: 	: 	: 	: 	: 	: 	: 	: 	: 	: 	: 	: 	: 	: 	: 	: 	: 	: 	: 	: 	: 	: 	: 	: 	: 	: 	: 	: 	: 	: 	: 	: 	: 	: 	: 	: 	: 	: 	: 	: 	: 	: 	: 	: 	: 	: 	: 	: 	: 	: 	: 	: 	: 	: 	: 	: 	: 	: 	: 	: 	: 	: 	0.000 	0.000 	0.000 	0.000 	0.000 	0.000 	0.000 	0.000 	0.000 	0.000 	0.000 	0.000 	0.000 	0.000 	0.000 	0.000 	0.000 	0.000 	0.000 	0.000 	0.000 	0.000 	0.000 	0.000 	0.000 	0.000 	0.000 	0.000 	0.000 	0.000 	0.000 	0.000 	0.000 	0.000 	0.000 	0.000 	0.000 	0.000 	0.000 	0.000 	0.000 	0.000 
M,IC_DC,THS_T,MK	: 	: 	: 	: 	: 	: 	: 	: 	: 	: 	: 	: 	: 	: 	: 	: 	: 	: 	: 	: 	: 	: 	: 	: 	: 	: 	: 	: 	: 	: 	: 	: 	: 	: 	: 	: 	: 	: 	: 	: 	: 	: 	: 	: 	: 	: 	: 	: 	: 	: 	: 	: 	: 	: 	: 	: 	: 	: 	: 	: 	: 	: 	: 	: 	: 	: 	: 	: 	: 	: 	: 	: 	: 	: 	: 	: 	: 	: 	: 	: 	: 	: 	: 	: 	: 	: 	: 	: 	: 	: 	: 	: 	: 	: 	: 	: 	0.000 	0.000 	0.000 	0.000 	0.000 	0.000 	0.000 	0.000 	0.000 	0.000 	0.000 	0.000 	0.000 	0.000 	0.000 	0.000 	0.000 	0.000 	0.000 	: 	: 	: 	: 	: 	: 	: 	: 	: 	: 	: 	: 	: 	: 	: 	: 	: 	0.000 	0.000 	0.000 	0.000 	0.000 	0.000 	0.000 	0.000 	0.000 	0.000 	0.000 	0.000 	0.000 	0.000 	0.000 	0.000 	0.000 	0.000 	0.000 	0.000 	0.000 	0.000 	0.000 	0.000 	0.000 	0.000 	0.000 	0.000 	0.000 	: 
M,IC_DC,THS_T,MT	: 	: 	: 	: 	: 	: 	: 	: 	: 	: 	: 	: 	: 	: 	: 	: 	: 	: 	: 	: 	: 	: 	: 	: 	: 	: 	: 	: 	: 	: 	: 	: 	: 	: 	: 	: 	: 	: 	: 	2.000 	2.000 	2.000 	2.000 	2.000 	2.000 	2.000 	2.000 	2.000 	: 	: 	: 	: 	: 	: 	: 	: 	: 	: 	: 	: 	: 	: 	: 	: 	: 	: 	: 	: 	: 	: 	: 	: 	: 	: 	: 	: 	: 	: 	: 	: 	: 	: 	: 	: 	: 	: 	: 	: 	: 	: 	: 	: 	: 	: 	: 	: 	: 	: 	: 	: 	: 	: 	: 	: 	: 	: 	: 	: 	: 	: 	: 	: 	: 	: 	: 	: 	: 	: 	: 	: 	: 	: 	: 	: 	: 	: 	1.441 	1.441 	1.441 	1.441 	1.441 	1.441 	1.441 	1.441 	1.441 	1.441 	1.441 	1.441 	: 	: 	: 	: 	: 	0.000 	0.000 	0.000 	0.000 	0.000 	0.000 	0.000 	0.000 	0.000 	0.000 	0.000 	0.000 	0.000 	: 	: 	: 	: 	: 	: 
M,IC_DC,THS_T,NL	49.000 	49.000 	49.000 	49.000 	49.000 	49.000 	49.000 	49.000 	49.000 	49.000 	49.000 	49.000 	60.000 	60.000 	49.000 	60.000 	60.000 	60.000 	60.000 	60.000 	60.000 	60.000 	60.000 	60.000 	60.000 	60.000 	60.000 	60.000 	60.000 	60.000 	60.000 	60.000 	60.000 	60.000 	60.000 	60.000 	60.000 	60.000 	60.000 	60.000 	60.000 	60.000 	60.000 	60.000 	60.000 	60.000 	60.000 	60.000 	60.000 	60.000 	60.000 	60.000 	60.000 	60.000 	60.000 	60.000 	60.000 	60.000 	60.000 	60.000 	: 	: 	: 	: 	: 	: 	: 	: 	: 	: 	: 	: 	: 	: 	: 	50.000 	50.000 	50.000 	50.000 	50.000 	50.000 	50.000 	50.000 	50.305 	: 	50.305 	: 	: 	: 	50.305 	49.939 	49.939 	49.939 	49.939 	49.939 	49.939 	49.939 	49.939 	49.939 	49.939 	49.939 	49.939 	39.490 	39.490 	39.490 	39.490 	39.490 	39.490 	39.490 	39.490 	39.490 	39.490 	39.490 	39.490 	40.930 	40.930 	40.930 	40.930 	40.93 p	40.93 p	40.930 	40.930 	40.930 	40.930 	40.930 	40.930 	42.500 	42.500 	42.500 	42.500 	42.500 	42.500 	42.500 	42.500 	42.500 	42.500 	43.924 	42.500 	43.924 	43.924 	43.924 	43.924 	43.924 	43.924 	43.924 	43.924 	43.924 	43.924 	43.924 	43.924 	42.778 	42.778 	42.778 	42.778 	42.778 	42.778 	42.778 	42.778 	: 	0.000 	: 	: 
M,IC_DC,THS_T,NO	: 	: 	: 	: 	: 	: 	: 	: 	: 	: 	: 	: 	: 	: 	: 	: 	: 	: 	: 	: 	: 	: 	: 	: 	: 	: 	: 	: 	: 	: 	: 	: 	: 	: 	: 	: 	: 	: 	: 	: 	: 	: 	: 	: 	: 	: 	: 	: 	: 	: 	: 	: 	: 	: 	: 	: 	: 	: 	: 	: 	: 	: 	: 	: 	: 	: 	: 	: 	: 	: 	: 	: 	: 	: 	: 	: 	: 	: 	: 	: 	: 	: 	: 	: 	: 	: 	: 	: 	: 	: 	: 	: 	: 	: 	: 	: 	0.000 	0.000 	0.000 	0.000 	0.000 	0.000 	0.000 	0.000 	0.000 	0.000 	0.000 	0.000 	0.000 	0.000 	0.000 	0.000 	0.000 	0.000 	0.000 	0.000 	0.000 	0.000 	0.000 	0.000 	0.000 	0.000 	0.000 	0.000 	0.000 	0.000 	0.000 	0.000 	0.000 	0.000 	0.000 	0.000 	0.000 	0.000 	0.000 	0.000 	0.000 	0.000 	0.000 	0.000 	0.000 	0.000 	0.000 	0.000 	0.000 	0.000 	0.000 	0.000 	0.000 	0.000 	0.000 	0.000 	0.000 	0.000 	0.000 	0.000 	0.000 	0.000 	0.000 	0.000 	0.000 	: 
M,IC_DC,THS_T,RO	22.000 	22.000 	22.000 	21.000 	21.000 	21.000 	21.000 	21.000 	21.000 	21.000 	21.000 	21.000 	21.000 	21.000 	21.000 	20.000 	20.000 	20.000 	20.000 	20.000 	21.000 	20.000 	20.000 	20.000 	21.000 	20.000 	20.000 	20.000 	20.000 	20.000 	20.000 	20.000 	20.000 	20.000 	20.000 	20.000 	20.000 	20.000 	20.000 	21.000 	21.000 	21.000 	21.000 	21.000 	21.000 	21.000 	21.000 	21.000 	21.000 	21.000 	21.000 	22.000 	22.000 	22.000 	22.000 	22.000 	22.000 	22.000 	22.000 	22.000 	22.000 	22.000 	22.000 	: 	: 	: 	: 	: 	: 	: 	: 	: 	: 	: 	: 	: 	: 	: 	: 	: 	: 	: 	: 	: 	: 	: 	: 	: 	: 	: 	: 	: 	: 	: 	: 	: 	: 	: 	: 	: 	: 	: 	: 	: 	: 	: 	: 	: 	: 	: 	: 	: 	: 	: 	: 	: 	: 	: 	: 	: 	: 	: 	: 	: 	: 	: 	: 	: 	: 	: 	: 	: 	: 	: 	: 	: 	: 	: 	: 	: 	: 	: 	: 	: 	0.000 	0.000 	0.000 	0.000 	0.000 	0.000 	0.000 	0.000 	0.000 	0.000 	0.000 	0.000 	: 	: 	: 	: 	: 	: 
M,IC_DC,THS_T,RS	: 	: 	: 	: 	: 	: 	: 	: 	: 	: 	: 	: 	: 	: 	: 	: 	: 	: 	: 	: 	: 	: 	: 	: 	: 	: 	: 	: 	: 	: 	: 	: 	: 	: 	: 	: 	: 	: 	: 	: 	: 	: 	: 	: 	: 	: 	: 	: 	: 	: 	: 	: 	: 	: 	: 	: 	: 	: 	: 	: 	: 	: 	: 	: 	: 	: 	: 	: 	: 	: 	: 	: 	: 	: 	: 	: 	: 	: 	: 	: 	: 	: 	: 	: 	0.000 	0.000 	0.000 	0.000 	0.000 	0.000 	0.000 	0.000 	0.000 	0.000 	0.000 	0.000 	0.000 	0.000 	0.000 	0.000 	0.000 	0.000 	0.000 	0.000 	0.000 	0.000 	0.000 	0.000 	0.000 	0.000 	0.000 	0.000 	0.000 	0.000 	0.000 	0.000 	0.000 	0.000 	0.000 	0.000 	: 	: 	: 	: 	: 	: 	: 	: 	: 	: 	: 	: 	: 	: 	: 	: 	: 	: 	: 	: 	: 	: 	: 	: 	: 	0.000 	0.000 	0.000 	0.000 	0.000 	0.000 	0.000 	: 	: 	: 	: 	: 	: 	: 	: 	: 	: 
M,IC_DC,THS_T,SE	: 	: 	: 	: 	: 	: 	: 	: 	: 	: 	: 	: 	: 	: 	: 	: 	: 	: 	: 	: 	: 	: 	: 	: 	: 	: 	: 	: 	: 	: 	: 	: 	: 	: 	: 	: 	: 	: 	: 	: 	: 	: 	: 	: 	: 	: 	: 	: 	: 	: 	: 	: 	: 	: 	: 	: 	: 	: 	: 	: 	: 	: 	: 	: 	: 	: 	: 	: 	: 	: 	: 	: 	: 	: 	: 	: 	: 	: 	: 	: 	: 	: 	: 	: 	: 	: 	: 	: 	: 	: 	: 	: 	: 	: 	: 	: 	: 	: 	: 	: 	: 	: 	: 	: 	: 	: 	: 	: 	: 	: 	: 	: 	: 	: 	: 	: 	: 	: 	: 	: 	: 	: 	: 	: 	: 	: 	: 	: 	: 	: 	: 	: 	: 	: 	: 	: 	: 	: 	: 	: 	: 	: 	: 	: 	0.000 	0.000 	0.000 	0.000 	0.000 	0.000 	0.000 	0.000 	0.000 	0.000 	0.000 	: 	: 	: 	: 	: 	: 	: 
M,IC_DC,THS_T,SI	: 	: 	: 	: 	: 	: 	: 	: 	: 	: 	: 	: 	: 	: 	: 	: 	: 	: 	: 	: 	: 	: 	: 	: 	: 	: 	: 	: 	: 	: 	: 	: 	: 	: 	: 	: 	: 	: 	: 	: 	: 	: 	: 	: 	: 	: 	: 	: 	: 	: 	: 	: 	: 	: 	: 	: 	: 	: 	: 	: 	: 	: 	: 	: 	: 	: 	: 	: 	: 	: 	: 	: 	: 	: 	: 	: 	: 	: 	: 	: 	: 	: 	: 	: 	: 	: 	: 	: 	: 	: 	: 	: 	: 	: 	: 	: 	: 	: 	: 	: 	: 	: 	: 	: 	: 	: 	: 	: 	: 	: 	: 	: 	: 	: 	: 	: 	: 	: 	: 	: 	: 	: 	: 	: 	: 	: 	: 	: 	: 	: 	: 	: 	: 	: 	: 	: 	: 	: 	: 	: 	: 	: 	: 	: 	: 	: 	0.000 	0.000 	0.000 	0.000 	0.000 	0.000 	0.000 	0.000 	0.000 	0.000 	: 	: 	: 	: 	: 	: 
M,IC_DC,THS_T,TR	: 	: 	: 	: 	: 	: 	: 	: 	: 	: 	: 	: 	: 	: 	: 	: 	: 	: 	: 	: 	: 	: 	: 	: 	: 	: 	: 	: 	: 	: 	: 	: 	: 	: 	: 	: 	: 	: 	: 	: 	: 	: 	: 	: 	: 	: 	: 	: 	: 	: 	: 	: 	: 	: 	: 	: 	: 	: 	: 	: 	: 	: 	: 	: 	: 	: 	: 	: 	: 	: 	: 	: 	: 	: 	: 	: 	: 	: 	: 	: 	: 	: 	: 	: 	: 	: 	: 	: 	: 	: 	: 	: 	: 	: 	: 	: 	0.000 	0.000 	0.000 	0.000 	0.000 	0.000 	0.000 	0.000 	0.000 	0.000 	0.000 	0.000 	0.000 	0.000 	0.000 	0.000 	0.000 	0.000 	0.000 	0.000 	0.000 	0.000 	0.000 	0.000 	0.000 	0.000 	0.000 	0.000 	0.000 	0.000 	0.000 	0.000 	0.000 	0.000 	0.000 	0.000 	0.000 	0.000 	0.000 	0.000 	0.000 	0.000 	0.000 	0.000 	0.000 	0.000 	0.000 	0.000 	0.000 	0.000 	0.000 	0.000 	0.000 	0.000 	0.000 	0.000 	0.000 	0.000 	0.000 	0.000 	: 	: 	0.000 	0.000 	0.000 	: 
M,IC_DC,THS_T,UK	185.000 	185.000 	185.000 	179.000 	179.000 	179.000 	179.000 	179.000 	179.000 	179.000 	179.000 	179.000 	181.000 	181.000 	181.000 	178.000 	178.000 	178.000 	178.000 	178.000 	178.000 	178.000 	178.000 	178.000 	178.000 	178.000 	178.000 	181.000 	181.000 	181.000 	181.000 	181.000 	181.000 	181.000 	181.000 	181.000 	181.000 	181.000 	181.000 	180.000 	180.000 	180.000 	180.000 	180.000 	180.000 	180.000 	180.000 	180.000 	180.000 	180.000 	180.000 	184.000 	184.000 	184.000 	184.000 	184.000 	184.000 	184.000 	184.000 	184.000 	184.000 	184.000 	186.000 	186.000 	186.000 	186.000 	186.000 	186.000 	186.000 	186.000 	186.000 	186.000 	186.000 	186.000 	186.000 	186.000 	180.000 	180.000 	180.000 	180.000 	180.000 	180.000 	180.000 	180.457 	180.455 	180.455 	180.455 	180.455 	178.902 	178.902 	178.902 	178.902 	178.902 	178.902 	: 	: 	: 	: 	: 	: 	: 	: 	: 	: 	: 	: 	: 	: 	: 	: 	: 	: 	: 	: 	: 	: 	: 	: 	: 	: 	: 	: 	: 	: 	: 	: 	: 	: 	: 	: 	: 	: 	: 	: 	: 	: 	: 	: 	: 	: 	: 	: 	: 	: 	: 	: 	: 	: 	: 	: 	: 	: 	: 	: 	: 	: 	: 	: 	: 	: 	: 	: 
M,IMP_DNC,THS_T,AL	: 	: 	: 	: 	: 	: 	: 	: 	: 	: 	: 	: 	: 	: 	: 	: 	: 	: 	: 	: 	: 	: 	: 	: 	: 	: 	: 	: 	: 	: 	: 	: 	: 	: 	: 	: 	: 	: 	: 	: 	: 	: 	: 	: 	: 	: 	: 	: 	: 	: 	: 	: 	: 	: 	: 	: 	: 	: 	: 	: 	: 	: 	: 	: 	: 	: 	: 	: 	: 	: 	: 	: 	: 	: 	: 	: 	: 	: 	: 	: 	: 	: 	: 	: 	: 	: 	: 	: 	: 	: 	: 	: 	: 	: 	: 	: 	: 	: 	: 	: 	: 	: 	: 	: 	: 	: 	: 	: 	: 	: 	: 	: 	: 	: 	: 	: 	: 	: 	: 	: 	: 	: 	: 	: 	: 	: 	: 	: 	: 	: 	: 	: 	: 	: 	: 	: 	: 	: 	: 	: 	: 	: 	: 	: 	0.000 	0.000 	0.000 	0.000 	0.000 	0.000 	0.000 	0.000 	0.000 	0.000 	0.000 	0.000 	: 	: 	: 	: 	: 	: 
M,IMP_DNC,THS_T,AT	32.000 	32.000 	32.000 	29.000 	29.000 	29.000 	29.000 	29.000 	29.000 	29.000 	29.000 	29.000 	29.000 	29.000 	29.000 	30.000 	30.000 	30.000 	30.000 	30.000 	30.000 	30.000 	30.000 	30.000 	30.000 	30.000 	30.000 	28.000 	28.000 	28.000 	28.000 	28.000 	28.000 	28.000 	28.000 	28.000 	28.000 	28.000 	28.000 	29.000 	29.000 	29.000 	29.000 	29.000 	29.000 	29.000 	29.000 	29.000 	29.000 	29.000 	29.000 	30.000 	30.000 	30.000 	30.000 	30.000 	30.000 	30.000 	30.000 	30.000 	30.000 	30.000 	30.000 	31.000 	31.000 	31.000 	31.000 	31.000 	31.000 	31.000 	31.000 	31.000 	31.000 	31.000 	31.000 	31.000 	31.000 	31.000 	31.000 	31.000 	31.000 	30.736 	30.736 	30.736 	30.736 	30.736 	30.736 	30.736 	30.736 	30.736 	31.240 	31.240 	31.240 	31.240 	31.240 	31.240 	31.240 	31.240 	31.240 	31.240 	31.240 	31.240 	26.328 	26.328 	26.328 	26.328 	26.328 	26.328 	26.328 	26.328 	26.328 	26.328 	26.328 	26.328 	27.518 	27.518 	27.518 	27.518 	27.518 	27.518 	27.518 	27.518 	27.518 	27.518 	27.518 	27.518 	27.984 	27.984 	27.984 	27.984 	27.984 	27.984 	27.984 	27.984 	27.984 	27.984 	27.984 	27.984 	27.715 	27.715 	27.715 	27.715 	27.715 	27.715 	27.715 	27.715 	27.715 	27.715 	27.715 	27.715 	26.459 	26.459 	26.459 	26.459 	26.459 	26.459 	26.459 	26.459 	26.459 	26.459 	26.459 	26.459 
M,IMP_DNC,THS_T,BE	49.000 	49.000 	49.000 	48.000 	48.000 	48.000 	48.000 	48.000 	48.000 	48.000 	48.000 	48.000 	48.000 	48.000 	48.000 	39.000 	39.000 	39.000 	39.000 	39.000 	39.000 	39.000 	39.000 	39.000 	39.000 	39.000 	39.000 	38.000 	38.000 	38.000 	38.000 	38.000 	38.000 	38.000 	38.000 	38.000 	38.000 	38.000 	38.000 	53.000 	53.000 	53.000 	53.000 	53.000 	53.000 	53.000 	53.000 	53.000 	53.000 	53.000 	53.000 	39.000 	39.000 	39.000 	39.000 	39.000 	39.000 	39.000 	39.000 	39.000 	39.000 	39.000 	39.000 	49.000 	49.000 	49.000 	49.000 	49.000 	49.000 	49.000 	49.000 	49.000 	49.000 	49.000 	49.000 	40.000 	40.000 	40.000 	40.000 	40.000 	40.000 	40.000 	40.000 	40.000 	39.675 	39.675 	39.675 	39.675 	39.675 	39.675 	41.815 	41.815 	41.815 	41.815 	41.815 	41.815 	41.815 	41.815 	41.815 	41.815 	41.815 	41.815 	41.701 	41.701 	41.701 	34.343 	34.343 	34.343 	34.343 	34.343 	34.343 	34.343 	34.343 	34.343 	35.487 	35.487 	35.487 	35.487 	35.487 	35.487 	35.487 	35.487 	35.487 	35.487 	35.487 	35.487 	36.746 	36.746 	36.746 	36.746 	36.746 	36.746 	36.746 	36.746 	36.746 	36.746 	36.746 	36.746 	39.303 	39.303 	39.303 	39.303 	39.303 	39.303 	39.303 	39.303 	39.303 	39.303 	39.303 	39.303 	38.186 	38.186 	38.186 	38.186 	38.186 	38.186 	38.186 	38.186 	38.186 	38.186 	38.186 	38.186 
M,IMP_DNC,THS_T,BG	9.000 	9.000 	9.000 	10.000 	10.000 	10.000 	10.000 	10.000 	10.000 	10.000 	10.000 	10.000 	10.000 	10.000 	10.000 	10.000 	10.000 	10.000 	10.000 	10.000 	10.000 	10.000 	10.000 	10.000 	10.000 	10.000 	10.000 	10.000 	10.000 	10.000 	10.000 	10.000 	10.000 	10.000 	10.000 	10.000 	10.000 	10.000 	10.000 	11.000 	11.000 	11.000 	11.000 	11.000 	11.000 	11.000 	11.000 	11.000 	11.000 	11.000 	11.000 	12.000 	12.000 	12.000 	12.000 	12.000 	12.000 	12.000 	12.000 	12.000 	12.000 	12.000 	12.000 	13.000 	13.000 	13.000 	13.000 	13.000 	13.000 	13.000 	13.000 	13.000 	13.000 	13.000 	13.000 	13.000 	13.000 	13.000 	13.000 	13.000 	13.000 	13.000 	13.000 	13.000 	12.359 	12.359 	12.359 	12.359 	12.359 	12.359 	12.923 	12.923 	12.923 	12.923 	12.923 	12.923 	12.923 	12.923 	12.923 	12.923 	12.923 	12.923 	11.670 	11.670 	11.670 	11.670 	11.670 	11.670 	11.670 	11.670 	11.670 	11.670 	11.670 	11.670 	12.698 	12.698 	12.698 	12.698 	12.698 	12.698 	12.698 	12.698 	12.698 	12.698 	12.698 	12.698 	13.179 	13.179 	13.179 	13.179 	13.179 	13.179 	13.179 	13.179 	13.179 	13.179 	13.179 	13.179 	13.027 	13.027 	13.027 	13.027 	13.027 	13.027 	13.027 	13.027 	13.027 	13.027 	13.027 	13.027 	13.382 	13.382 	13.382 	13.382 	13.382 	13.382 	13.382 	13.382 	13.382 	13.382 	13.382 	13.382 
M,IMP_DNC,THS_T,CY	7.000 	7.000 	7.000 	7.000 	7.000 	7.000 	7.000 	7.000 	7.000 	7.000 	7.000 	7.000 	7.000 	7.000 	7.000 	6.000 	6.000 	6.000 	6.000 	6.000 	6.000 	6.000 	6.000 	6.000 	6.000 	6.000 	6.000 	6.000 	6.000 	6.000 	6.000 	6.000 	6.000 	6.000 	6.000 	6.000 	6.000 	6.000 	6.000 	7.000 	7.000 	7.000 	7.000 	7.000 	7.000 	7.000 	7.000 	7.000 	7.000 	7.000 	7.000 	7.000 	7.000 	7.000 	7.000 	7.000 	7.000 	7.000 	7.000 	7.000 	7.000 	7.000 	7.000 	7.000 	7.000 	7.000 	7.000 	7.000 	7.000 	7.000 	7.000 	7.000 	7.000 	7.000 	7.000 	7.000 	7.000 	7.000 	7.000 	7.000 	7.000 	7.000 	7.000 	7.000 	6.854 	6.854 	6.854 	6.854 	6.854 	6.854 	6.868 	6.868 	6.868 	6.868 	6.868 	6.868 	6.868 	6.868 	6.868 	6.868 	6.868 	6.868 	5.653 	5.653 	5.653 	5.653 	5.653 	5.653 	5.653 	5.653 	5.653 	5.653 	5.653 	5.653 	6.086 	6.086 	6.086 	6.086 	6.086 	6.086 	6.086 	6.086 	6.086 	6.086 	6.086 	6.086 	6.332 	6.332 	6.332 	6.332 	6.332 	6.332 	6.332 	6.332 	6.332 	6.332 	6.332 	6.332 	6.347 	6.347 	6.347 	6.347 	6.347 	6.347 	6.347 	6.347 	6.347 	6.347 	6.347 	6.347 	6.440 	6.440 	6.440 	6.440 	6.440 	6.440 	6.440 	6.440 	6.440 	6.440 	6.440 	6.440 
M,IMP_DNC,THS_T,CZ	21.000 	21.000 	21.000 	20.000 	20.000 	20.000 	20.000 	20.000 	20.000 	20.000 	20.000 	20.000 	20.000 	20.000 	20.000 	20.000 	20.000 	20.000 	20.000 	20.000 	20.000 	20.000 	20.000 	20.000 	20.000 	20.000 	20.000 	20.000 	20.000 	20.000 	20.000 	20.000 	20.000 	20.000 	20.000 	20.000 	20.000 	20.000 	20.000 	22.000 	22.000 	22.000 	22.000 	22.000 	22.000 	22.000 	22.000 	22.000 	22.000 	22.000 	22.000 	22.000 	22.000 	22.000 	22.000 	22.000 	22.000 	22.000 	22.000 	22.000 	22.000 	22.000 	22.000 	23.000 	23.000 	23.000 	23.000 	23.000 	23.000 	23.000 	23.000 	23.000 	23.000 	23.000 	23.000 	23.000 	23.000 	23.000 	23.000 	23.000 	23.000 	23.000 	23.000 	23.000 	23.274 	23.274 	23.274 	23.274 	23.274 	23.274 	23.560 	23.551 	23.551 	23.551 	23.551 	23.551 	23.551 	23.551 	23.551 	23.551 	23.551 	23.551 	20.611 	20.611 	20.611 	20.611 	20.611 	20.611 	20.611 	20.611 	20.611 	20.611 	20.611 	20.611 	22.111 	22.108 	22.108 	22.108 	22.108 	22.108 	22.108 	22.108 	22.108 	22.108 	22.108 	22.108 	22.950 	22.944 	22.944 	22.944 	22.944 	22.944 	22.944 	22.944 	22.944 	22.944 	22.944 	22.944 	23.331 	23.331 	23.331 	23.331 	23.331 	23.331 	23.331 	23.331 	23.331 	23.334 	23.334 	23.334 	23.818 	23.818 	23.818 	23.818 	23.818 	23.818 	23.809 	23.818 	23.818 	23.818 	23.818 	: 
M,IMP_DNC,THS_T,DE	258.000 	258.000 	258.000 	223.000 	223.000 	223.000 	223.000 	223.000 	223.000 	223.000 	223.000 	223.000 	223.000 	223.000 	223.000 	227.000 	227.000 	227.000 	227.000 	227.000 	227.000 	227.000 	227.000 	227.000 	227.000 	227.000 	227.000 	216.000 	216.000 	216.000 	216.000 	216.000 	216.000 	216.000 	216.000 	216.000 	216.000 	216.000 	216.000 	221.000 	221.000 	221.000 	221.000 	221.000 	221.000 	221.000 	221.000 	221.000 	221.000 	221.000 	221.000 	222.000 	222.000 	222.000 	222.000 	222.000 	222.000 	222.000 	222.000 	222.000 	222.000 	222.000 	222.000 	229.000 	229.000 	229.000 	229.000 	229.000 	229.000 	229.000 	229.000 	229.000 	228.858 	228.858 	228.858 	253.995 	253.995 	253.995 	253.995 	253.995 	253.995 	253.995 	253.995 	253.995 	253.995 	253.995 	253.995 	253.995 	253.995 	253.995 	254.196 	254.196 	254.196 	254.196 	254.196 	254.196 	254.196 	254.196 	254.196 	254.196 	254.196 	254.196 	222.816 	222.816 	222.816 	222.816 	222.816 	222.816 	222.816 	222.816 	222.816 	222.816 	222.816 	222.816 	212.761 	212.761 	212.761 	212.761 	212.761 	212.761 	212.708 	212.708 	212.708 	212.708 	212.708 	212.708 	225.181 	225.181 	225.181 	225.181 	225.181 	225.181 	225.181 	225.181 	225.181 	225.181 	225.181 	225.181 	217.331 	217.331 	217.331 	217.331 	217.331 	217.331 	217.331 	217.331 	217.331 	217.331 	217.331 	217.331 	206.743 	206.743 	206.743 	206.743 	206.743 	206.743 	207.102 	207.102 	206.926 	206.926 	206.926 	: 
M,IMP_DNC,THS_T,EE	: 	: 	: 	: 	: 	: 	: 	: 	: 	: 	: 	: 	: 	: 	: 	: 	: 	: 	: 	3.000 	3.000 	3.000 	3.000 	3.000 	3.000 	3.000 	3.000 	: 	: 	: 	: 	: 	: 	: 	: 	: 	: 	: 	: 	: 	: 	: 	: 	: 	: 	: 	: 	: 	: 	: 	: 	: 	: 	: 	: 	: 	: 	: 	: 	: 	: 	: 	: 	: 	: 	: 	: 	: 	: 	: 	: 	: 	: 	: 	: 	: 	: 	: 	: 	: 	: 	: 	: 	: 	: 	: 	: 	: 	: 	: 	: 	: 	: 	: 	: 	: 	3.026 	3.026 	3.026 	3.026 	3.026 	3.026 	3.018 	3.018 	3.018 	3.018 	3.018 	3.018 	3.018 	3.018 	3.018 	3.018 	3.018 	3.018 	: 	: 	: 	: 	: 	: 	: 	: 	: 	: 	: 	: 	: 	: 	: 	: 	: 	: 	: 	: 	: 	: 	: 	: 	: 	: 	: 	: 	: 	: 	: 	: 	: 	: 	: 	: 	: 	: 	: 	: 	: 	: 	: 	: 	: 	: 	: 	: 
M,IMP_DNC,THS_T,EL	35.000 	35.000 	35.000 	31.000 	31.000 	31.000 	31.000 	31.000 	31.000 	31.000 	31.000 	31.000 	31.000 	31.000 	31.000 	30.000 	30.000 	30.000 	30.000 	30.000 	30.000 	30.000 	30.000 	30.000 	30.000 	30.000 	30.000 	30.000 	30.000 	30.000 	30.000 	30.000 	30.000 	30.000 	30.000 	30.000 	30.000 	30.000 	30.000 	30.000 	30.000 	30.000 	30.000 	30.000 	30.000 	30.000 	30.000 	30.000 	30.000 	30.000 	30.000 	31.000 	31.000 	31.000 	31.000 	31.000 	31.000 	31.000 	31.000 	31.000 	31.000 	31.000 	31.000 	29.000 	29.000 	29.000 	29.000 	29.000 	29.000 	29.000 	29.000 	29.000 	29.000 	29.000 	29.000 	: 	: 	: 	: 	: 	: 	: 	: 	: 	27.009 	27.009 	27.009 	27.009 	27.009 	27.009 	28.738 	28.738 	28.738 	28.738 	28.738 	28.738 	28.738 	28.738 	28.738 	28.738 	28.738 	28.738 	22.735 	22.735 	22.735 	22.735 	22.735 	22.735 	22.735 	22.735 	22.735 	22.735 	22.735 	22.735 	24.854 p	24.854 	24.854 	24.854 	24.854 	24.854 	24.854 	24.854 	24.854 	24.854 	24.854 	24.854 	32.594 	32.594 	32.594 	32.594 	32.594 	32.594 	32.594 	32.594 	32.594 	32.594 	32.594 	32.594 	25.245 	25.245 	25.245 	25.245 	25.245 	25.245 	25.245 	25.245 	25.245 	25.245 	25.245 	25.245 	: 	: 	: 	: 	: 	: 	: 	: 	: 	: 	: 	: 
M,IMP_DNC,THS_T,ES	148.000 	148.000 	148.000 	137.000 	137.000 	137.000 	137.000 	137.000 	137.000 	137.000 	137.000 	137.000 	137.000 	137.000 	137.000 	125.000 	125.000 	125.000 	125.000 	125.000 	125.000 	125.000 	125.000 	125.000 	125.000 	125.000 	125.000 	125.000 	125.000 	125.000 	125.000 	125.000 	125.000 	125.000 	125.000 	125.000 	125.000 	125.000 	125.000 	128.000 	128.000 	128.000 	128.000 	128.000 	128.000 	128.000 	128.000 	128.000 	128.000 	128.000 	128.000 	134.000 	134.000 	134.000 	134.000 	134.000 	134.000 	134.000 	134.000 	134.000 	134.000 	134.000 	134.000 	136.000 	136.000 	136.000 	136.000 	136.000 	136.000 	136.000 	136.000 	136.000 	136.000 	136.000 	136.000 	144.000 	144.000 	144.000 	144.000 	144.000 	144.000 	144.000 	144.000 	144.000 	143.642 	143.642 	143.642 	143.642 	143.642 	143.642 	143.816 	143.816 	143.816 	143.816 	143.816 	143.816 	143.816 	143.816 	143.816 	114.499 	114.499 	114.499 	114.186 	114.186 	114.186 	114.186 	114.186 	114.186 	114.186 	114.186 	114.186 	114.186 	114.186 	114.186 	123.225 	123.225 	123.225 	123.225 	123.225 	123.225 	123.225 	123.225 	123.225 	116.741 	116.741 	116.741 	134.128 	134.128 	134.128 	134.128 	134.128 	134.128 	134.128 	134.128 	134.128 	134.128 	134.128 	134.128 	130.737 	130.737 	130.737 	130.737 	130.737 	130.737 	130.737 	130.737 	130.737 	130.737 	130.737 	130.737 	139.622 	139.622 	139.622 	139.622 	139.622 	139.622 	139.721 	139.721 	139.721 	139.622 	139.622 	: 
M,IMP_DNC,THS_T,FI	26.000 	26.000 	26.000 	21.000 	21.000 	21.000 	21.000 	21.000 	21.000 	21.000 	21.000 	21.000 	21.000 	21.000 	21.000 	19.000 	19.000 	19.000 	19.000 	19.000 	19.000 	19.000 	19.000 	19.000 	19.000 	19.000 	19.000 	22.000 	22.000 	22.000 	22.000 	22.000 	22.000 	22.000 	22.000 	22.000 	22.000 	22.000 	22.000 	21.000 	: 	21.000 	21.000 	21.000 	21.000 	21.000 	21.000 	21.000 	21.000 	21.000 	21.000 	22.000 	22.000 	22.000 	22.000 	22.000 	22.000 	22.000 	22.000 	22.000 	22.000 	22.000 	22.000 	21.000 	21.000 	21.000 	21.000 	21.000 	21.000 	21.000 	21.000 	21.000 	21.000 	21.000 	21.000 	24.000 	24.000 	24.000 	24.000 	24.000 	24.000 	21.000 	21.000 	21.000 	21.453 	21.453 	21.453 	21.453 	21.453 	21.453 	22.671 	22.671 	22.671 	22.671 	22.671 	22.671 	22.671 	22.671 	22.671 	22.671 	22.671 	22.671 	16.985 	16.985 	16.985 	16.985 	16.985 	16.985 	16.985 	16.985 	16.985 	16.985 	16.985 	16.985 	15.635 	15.635 	15.635 	15.635 	15.635 	15.635 	15.635 	15.635 	15.635 	15.635 	15.635 	15.635 	15.635 	18.092 	18.092 	18.092 	18.092 	18.092 	18.092 	18.092 	18.092 	18.092 	18.092 	18.092 	18.092 	18.092 	18.092 	18.092 	18.092 	18.092 	18.092 	18.092 	18.092 	18.092 	18.092 	18.092 	18.043 	18.043 	18.043 	: 	: 	17.250 	17.250 	17.250 	17.250 	18.043 	: 	18.043 
M,IMP_DNC,THS_T,FR	209.000 	209.000 	209.000 	210.000 	210.000 	210.000 	210.000 	210.000 	210.000 	210.000 	210.000 	210.000 	210.000 	210.000 	210.000 	196.000 	196.000 	196.000 	196.000 	196.000 	196.000 	196.000 	196.000 	196.000 	196.000 	196.000 	196.000 	194.000 	194.000 	194.000 	194.000 	194.000 	194.000 	194.000 	194.000 	194.000 	194.000 	194.000 	194.000 	194.000 	195.000 	195.000 	195.000 	195.000 	195.000 	195.000 	195.000 	195.000 	195.000 	195.000 	195.000 	194.000 	194.000 	194.000 	194.000 	194.000 	194.000 	194.000 	194.000 	194.000 	194.000 	194.000 	194.000 	199.000 	199.000 	199.000 	199.000 	199.000 	199.000 	199.000 	199.000 	199.000 	199.000 	199.000 	199.000 	199.000 	199.000 	199.000 	199.000 	199.000 	199.000 	199.000 	199.000 	199.000 	199.154 	199.154 	199.154 	195.559 	195.559 	195.559 	195.559 	195.559 	195.559 	195.559 	203.446 	195.559 	195.559 	195.559 	195.559 	195.559 	195.559 	195.559 	152.520 	152.520 	152.520 	152.520 	152.520 	152.520 	152.520 	152.520 	152.520 	152.520 	152.520 	152.520 	162.338 	162.338 	162.338 	162.338 	162.338 	162.338 	162.338 	162.338 	162.338 	162.338 	162.338 	162.338 	179.528 	179.528 	179.528 	179.528 	179.528 	179.528 	179.528 	179.528 	179.528 	179.528 	179.528 	179.528 	177.375 	177.375 	177.375 	177.375 	177.375 	177.375 	177.375 	177.375 	177.375 	177.375 	177.375 	177.375 	176.890 	176.890 	176.890 	176.890 	176.890 	176.890 	176.890 	176.890 	176.890 	184.902 	184.902 	: 
M,IMP_DNC,THS_T,GE	: 	: 	: 	: 	: 	: 	: 	: 	: 	: 	: 	: 	: 	: 	: 	: 	: 	: 	: 	: 	: 	: 	: 	: 	: 	: 	: 	: 	: 	: 	: 	: 	: 	: 	: 	: 	: 	: 	: 	: 	: 	: 	: 	: 	: 	: 	: 	: 	: 	: 	: 	: 	: 	: 	: 	: 	: 	: 	: 	: 	: 	: 	: 	: 	: 	: 	: 	: 	: 	: 	: 	: 	: 	: 	: 	: 	: 	: 	: 	: 	: 	: 	: 	: 	: 	: 	: 	: 	: 	: 	: 	: 	: 	: 	: 	: 	: 	: 	: 	: 	: 	: 	: 	: 	: 	: 	: 	: 	: 	: 	: 	: 	: 	: 	: 	: 	: 	: 	: 	: 	: 	: 	: 	: 	: 	: 	: 	: 	: 	: 	: 	: 	: 	: 	: 	: 	: 	: 	: 	: 	: 	: 	: 	0.000 	0.000 	0.000 	0.000 	0.000 	0.000 	0.000 	0.000 	0.000 	0.000 	0.000 	0.000 	0.000 	: 	: 	: 	: 	: 	: 
M,IMP_DNC,THS_T,HR	8.000 	8.000 	8.000 	7.000 	7.000 	7.000 	7.000 	7.000 	7.000 	7.000 	7.000 	7.000 	7.000 	7.000 	7.000 	7.000 	7.000 	7.000 	7.000 	7.000 	7.000 	7.000 	7.000 	7.000 	7.000 	7.000 	7.000 	7.000 	7.000 	7.000 	7.000 	7.000 	7.000 	7.000 	7.000 	7.000 	7.000 	7.000 	7.000 	7.000 	7.000 	7.000 	7.000 	7.000 	7.000 	7.000 	7.000 	7.000 	7.000 	7.000 	7.000 	6.000 	6.000 	6.000 	6.000 	6.000 	6.000 	6.000 	6.000 	6.000 	6.000 	6.000 	6.000 	7.000 	7.000 	7.000 	7.000 	7.000 	7.000 	7.000 	7.000 	7.000 	7.000 	7.000 	7.000 	7.000 	7.000 	7.000 	7.000 	7.000 	7.000 	7.000 	7.000 	7.000 	7.024 	7.024 	7.024 	7.024 	7.024 	7.024 	6.859 	6.859 	6.859 	6.859 	6.859 	6.859 	6.859 	6.859 	6.859 	6.859 	6.859 	6.859 	5.843 	5.843 	5.843 	5.843 	5.843 	5.843 	5.843 	5.843 	5.843 	5.843 	5.843 	5.843 	6.635 	6.635 	6.635 	6.635 	6.635 	6.635 	6.635 	6.635 	6.635 	6.635 	6.635 	6.635 	7.797 	7.797 	7.797 	7.797 	7.797 	7.797 	7.797 	7.797 	7.797 	7.797 	7.797 	7.797 	7.985 	7.985 	7.985 	7.985 	7.985 	7.985 	7.985 	7.985 	7.985 	7.985 	7.985 	7.985 	8.493 	8.493 	8.493 	8.493 	8.493 	8.493 	8.493 	8.493 	8.493 	8.493 	8.493 	8.493 
M,IMP_DNC,THS_T,HU	11.000 	11.000 	11.000 	11.000 	11.000 	11.000 	11.000 	11.000 	11.000 	11.000 	11.000 	11.000 	11.000 	11.000 	11.000 	10.000 	10.000 	10.000 	10.000 	10.000 	10.000 	10.000 	10.000 	10.000 	10.000 	10.000 	10.000 	13.000 	13.000 	13.000 	13.000 	13.000 	13.000 	13.000 	13.000 	13.000 	13.000 	13.000 	13.000 	13.000 	13.000 	13.000 	13.000 	13.000 	13.000 	13.000 	13.000 	13.000 	13.000 	13.000 	13.000 	13.000 	13.000 	13.000 	13.000 	13.000 	13.000 	13.000 	13.000 	13.000 	13.000 	13.000 	13.000 	13.000 	13.000 	13.000 	13.000 	13.000 	13.000 	13.000 	13.000 	13.000 	13.088 	13.088 	13.088 	14.601 	14.601 	14.601 	14.601 	14.601 	14.601 	14.601 	14.601 	14.601 	14.601 	14.601 	14.601 	14.601 	14.601 	14.601 	14.984 	14.984 	14.984 	14.984 	14.984 	14.984 	14.984 	14.984 	14.984 	14.984 	14.984 	14.984 	13.628 	13.628 	13.628 	13.628 	13.628 	13.628 	13.628 	13.628 	13.628 	13.628 	13.628 	13.628 	14.515 	14.515 	14.515 	14.515 	14.515 	14.515 	14.515 	14.515 	14.515 	14.515 	14.515 	14.515 	15.544 	15.544 	15.544 	15.544 	15.544 	15.544 	15.544 	15.544 	15.544 	15.544 	15.544 	15.544 	14.569 	14.569 	14.569 	14.569 	14.569 	14.569 	14.569 	14.569 	14.569 	14.569 	14.569 	14.569 	14.617 	14.617 	14.617 	14.617 	14.617 	14.617 	14.617 	14.617 	14.617 	14.617 	14.617 	: 
M,IMP_DNC,THS_T,IE	: 	: 	: 	18.000 	18.000 	18.000 	18.000 	18.000 	18.000 	: 	18.000 	18.000 	18.000 	18.000 	18.000 	18.000 	18.000 	18.000 	18.000 	18.000 	18.000 	18.000 	18.000 	18.000 	18.000 	18.000 	18.000 	18.000 	18.000 	18.000 	18.000 	18.000 	18.000 	18.000 	18.000 	18.000 	18.000 	18.000 	18.000 	19.000 	19.000 	19.000 	19.000 	19.000 	19.000 	19.000 	19.000 	19.000 	19.000 	19.000 	19.000 	20.000 	20.000 	20.000 	20.000 	19.000 	19.000 	19.000 	20.000 	20.000 	20.000 	20.000 	20.000 	20.000 	20.000 	20.000 	20.000 	20.000 	20.000 	20.000 	20.000 	20.000 	20.000 	20.000 	20.000 	20.000 	20.000 	20.000 	20.000 	20.000 	20.000 	20.000 	20.000 	20.477 	20.477 	20.477 	20.477 	20.477 	20.477 	20.477 	20.676 	20.676 	20.676 	20.676 	20.676 	20.676 	20.676 	20.676 	20.676 	20.676 	20.676 	20.676 	17.668 	17.668 	17.668 	17.668 	17.668 	17.668 	17.668 	17.668 	17.668 	17.668 	17.668 	17.668 	18.515 p	18.515 p	18.515 p	18.515 	18.515 	18.515 	18.731 	18.731 	18.731 	18.731 	18.731 	18.731 	19.909 	19.909 	19.909 	19.909 	19.909 	19.909 	19.909 	19.909 	19.909 	19.909 	19.909 	19.909 	19.636 	19.636 	19.636 	19.636 	19.636 	19.636 	19.636 	19.636 	19.636 	19.636 	19.636 	19.636 	20.484 	20.484 	20.484 	20.484 	20.484 	20.219 	20.237 	20.237 	20.237 	20.237 	20.237 	: 
M,IMP_DNC,THS_T,IT	152.000 	152.000 	152.000 	133.000 	133.000 	133.000 	134.000 	134.000 	134.000 	134.000 	134.000 	134.000 	134.000 	134.000 	134.000 	129.000 	129.000 	129.000 	129.000 	129.000 	129.000 	129.000 	129.000 	129.000 	129.000 	129.000 	129.000 	125.000 	125.000 	125.000 	125.000 	125.000 	125.000 	125.000 	125.000 	125.000 	125.000 	125.000 	125.000 	126.000 	126.000 	126.000 	126.000 	126.000 	126.000 	126.000 	126.000 	126.000 	126.000 	126.000 	126.000 	120.000 	120.000 	120.000 	120.000 	120.000 	120.000 	120.000 	120.000 	120.000 	120.000 	120.000 	120.000 	119.000 	119.000 	119.000 	119.000 	119.000 	119.000 	119.000 	119.000 	119.000 	119.000 	119.000 	119.000 	114.000 	114.000 	114.000 	114.000 	114.000 	114.000 	114.000 	114.000 	114.000 	114.508 	114.508 	114.508 	114.508 	114.508 	114.508 	120.539 	120.539 	120.539 	120.539 	120.539 	120.539 	120.539 	120.539 	120.539 	120.539 	120.539 	120.539 	89.478 	89.478 	89.478 	89.478 	89.478 	89.478 	89.478 	89.478 	89.478 	89.478 	89.478 	89.478 	108.371 	108.371 	108.371 	108.371 	108.371 	108.371 	108.371 	108.371 	108.371 	108.371 	108.371 	108.371 	117.216 p	117.216 	117.216 	117.216 	117.216 	117.216 	117.216 	117.216 	117.216 	117.216 	117.216 	117.216 	119.965 	119.965 	119.965 	119.965 	119.965 	119.965 	119.965 	119.965 	119.965 	119.965 	119.965 	119.965 	115.154 	115.154 	115.154 	115.154 	115.154 	115.154 	115.154 	115.154 	115.154 	115.154 	115.154 	: 
M,IMP_DNC,THS_T,LT	4.000 	4.000 	4.000 	4.000 	4.000 	4.000 	4.000 	4.000 	4.000 	4.000 	4.000 	4.000 	4.000 	4.000 	4.000 	4.000 	4.000 	4.000 	4.000 	4.000 	4.000 	4.000 	4.000 	4.000 	4.000 	4.000 	4.000 	5.000 	5.000 	5.000 	5.000 	5.000 	5.000 	5.000 	5.000 	5.000 	5.000 	5.000 	5.000 	5.000 	5.000 	5.000 	5.000 	5.000 	5.000 	5.000 	5.000 	5.000 	5.000 	5.000 	5.000 	5.000 	5.000 	5.000 	5.000 	5.000 	5.000 	5.000 	5.000 	5.000 	5.000 	5.000 	5.000 	5.000 	5.000 	5.000 	5.000 	5.000 	5.000 	5.000 	5.000 	5.000 	5.000 	5.000 	5.000 	6.010 	6.000 	6.000 	6.000 	6.000 	6.000 	6.000 	6.000 	6.000 	6.010 	6.010 	6.010 	5.906 	5.906 	5.906 	5.906 	5.906 	5.906 	5.906 	5.906 	5.906 	5.906 	5.906 	5.906 	5.906 	5.906 	5.906 	5.963 	5.963 	5.963 	5.963 	5.963 	5.963 	5.963 	5.963 	5.963 	5.963 	5.963 	5.963 	6.194 	6.194 	6.194 	6.194 	6.194 	6.194 	6.194 	6.194 	6.194 	6.194 	6.194 	6.194 	6.220 	6.220 	6.220 	6.220 	6.220 	6.220 	6.220 	6.220 	6.220 	6.220 	6.220 	6.220 	6.268 	6.268 	6.268 	6.268 	6.268 	6.268 	6.268 	6.268 	6.268 	6.268 	6.268 	6.268 	6.418 	6.418 	6.418 	6.418 	6.418 	6.418 	6.418 	6.418 	6.418 	6.418 	6.418 	: 
M,IMP_DNC,THS_T,LU	8.000 	8.000 	8.000 	8.000 	8.000 	8.000 	8.000 	8.000 	8.000 	8.000 	8.000 	8.000 	8.000 	8.000 	8.000 	8.000 	8.000 	8.000 	8.000 	8.000 	8.000 	8.000 	8.000 	8.000 	8.000 	8.000 	8.000 	8.000 	8.000 	8.000 	8.000 	8.000 	8.000 	8.000 	8.000 	8.000 	8.000 	8.000 	8.000 	8.000 	8.000 	8.000 	8.000 	8.000 	8.000 	8.000 	8.000 	8.000 	8.000 	8.000 	8.000 	8.000 	8.000 	8.000 	8.000 	8.000 	8.000 	8.000 	8.000 	8.000 	8.000 	8.000 	8.000 	8.000 	8.000 	8.000 	8.000 	8.000 	8.000 	8.000 	8.000 	8.000 	8.000 	8.000 	8.000 	9.000 	9.000 	9.000 	9.000 	9.000 	9.000 	9.000 	9.000 	9.000 	8.774 	8.774 	8.689 	8.689 	8.689 	8.689 	8.689 	8.689 	8.689 	8.689 	8.689 	8.689 	8.689 	8.689 	8.689 	8.689 	8.689 	8.689 	7.030 	7.030 	7.030 	7.030 	7.030 	7.030 	7.030 	7.030 	7.030 	7.030 	7.030 	7.030 	7.423 	7.423 	7.423 	7.423 	7.423 	7.423 	7.423 	7.423 	7.423 	7.423 	7.423 	7.423 	6.813 	6.813 	6.813 	6.813 	6.813 	6.813 	6.813 	6.813 	6.813 	6.813 	6.813 	6.813 	6.734 	6.734 	6.734 	6.734 	6.734 	6.734 	6.734 	6.734 	6.734 	6.734 	6.734 	6.734 	6.710 	6.710 	6.710 	6.710 	6.710 	6.710 	6.710 	6.710 	6.710 	6.710 	6.710 	: 
M,IMP_DNC,THS_T,LV	4.000 	4.000 	4.000 	4.000 	4.000 	4.000 	4.000 	4.000 	4.000 	4.000 	4.000 	4.000 	4.000 	4.000 	4.000 	4.000 	4.000 	4.000 	4.000 	4.000 	4.000 	4.000 	4.000 	4.000 	4.000 	4.000 	4.000 	4.000 	4.000 	4.000 	4.000 	4.000 	4.000 	4.000 	4.000 	4.000 	4.000 	4.000 	4.000 	4.000 	4.000 	4.000 	4.000 	4.000 	4.000 	4.000 	4.000 	4.000 	4.000 	4.000 	4.000 	4.000 	4.000 	4.000 	4.000 	4.000 	4.000 	4.000 	4.000 	4.000 	4.000 	4.000 	4.000 	4.000 	4.000 	4.000 	4.000 	4.000 	4.000 	4.000 	4.000 	4.000 	4.000 	4.000 	4.000 	5.000 	5.000 	5.000 	5.000 	5.000 	5.000 	5.000 	5.000 	5.000 	4.517 	4.517 	4.517 	4.395 	4.395 	4.395 	4.395 	4.395 	4.395 	4.395 	4.395 	4.395 	4.395 	4.395 	4.395 	4.002 	4.002 	4.002 	3.991 	3.991 	3.991 	3.991 	3.991 	3.991 	3.991 	3.991 	3.991 	4.193 	4.193 	4.193 	4.204 	4.204 	4.204 	4.204 	4.204 	4.204 	4.204 	4.204 	4.204 	4.336 	4.336 	4.336 	4.336 	4.336 	4.336 	4.336 	4.336 	4.336 	4.336 	4.336 	4.336 	4.603 	4.603 	4.603 	4.603 	4.603 	4.603 	4.603 	4.603 	4.603 	4.442 	4.442 	4.335 	4.335 	4.335 	4.335 	4.376 	4.376 	4.376 	4.433 	4.433 	4.433 	4.433 	4.433 	4.433 	4.433 	4.433 	: 
M,IMP_DNC,THS_T,MD	: 	: 	: 	: 	: 	: 	: 	: 	: 	: 	: 	: 	: 	: 	: 	: 	: 	: 	: 	: 	: 	: 	: 	: 	: 	: 	: 	: 	: 	: 	: 	: 	: 	: 	: 	: 	: 	: 	: 	: 	: 	: 	: 	: 	: 	: 	: 	: 	: 	: 	: 	: 	: 	: 	: 	: 	: 	: 	: 	: 	: 	: 	: 	: 	: 	: 	: 	: 	: 	: 	: 	: 	: 	: 	: 	: 	: 	: 	: 	: 	: 	: 	: 	: 	: 	: 	: 	: 	: 	: 	: 	: 	: 	: 	: 	: 	: 	: 	: 	: 	: 	: 	: 	: 	: 	: 	: 	: 	: 	: 	: 	: 	: 	: 	: 	: 	: 	: 	: 	: 	: 	: 	: 	: 	: 	: 	: 	: 	: 	: 	: 	: 	0.000 	0.000 	0.000 	0.000 	0.000 	0.000 	0.000 	0.000 	0.000 	0.000 	0.000 	0.000 	0.000 	0.000 	0.000 	0.000 	0.000 	0.000 	0.000 	0.000 	: 	: 	: 	: 	: 	: 	: 	: 	: 	: 
M,IMP_DNC,THS_T,ME	: 	: 	: 	: 	: 	: 	: 	: 	: 	: 	: 	: 	: 	: 	: 	: 	: 	: 	: 	: 	: 	: 	: 	: 	: 	: 	: 	: 	: 	: 	: 	: 	: 	: 	: 	: 	: 	: 	: 	: 	: 	: 	: 	: 	: 	: 	: 	: 	: 	: 	: 	: 	: 	: 	: 	: 	: 	: 	: 	: 	: 	: 	: 	: 	: 	: 	: 	: 	: 	: 	: 	: 	: 	: 	: 	: 	: 	: 	: 	: 	: 	: 	: 	: 	: 	: 	: 	: 	: 	: 	: 	: 	: 	: 	: 	: 	: 	: 	: 	: 	: 	: 	: 	: 	: 	: 	: 	: 	: 	: 	: 	: 	: 	: 	: 	: 	: 	: 	: 	: 	: 	: 	: 	: 	: 	: 	: 	: 	: 	: 	: 	: 	: 	: 	: 	: 	: 	: 	: 	: 	: 	: 	: 	: 	0.000 	0.000 	0.000 	0.000 	0.000 	0.000 	0.000 	0.000 	: 	: 	: 	: 	: 	: 	: 	: 	: 	: 
M,IMP_DNC,THS_T,MK	: 	: 	: 	: 	: 	: 	: 	: 	: 	: 	: 	: 	: 	: 	: 	: 	: 	: 	: 	: 	: 	: 	: 	: 	: 	: 	: 	: 	: 	: 	: 	: 	: 	: 	: 	: 	: 	: 	: 	: 	: 	: 	: 	: 	: 	: 	: 	: 	: 	: 	: 	: 	: 	: 	: 	: 	: 	: 	: 	: 	: 	: 	: 	: 	: 	: 	: 	: 	: 	: 	: 	: 	: 	: 	: 	: 	: 	: 	: 	: 	: 	: 	: 	: 	: 	: 	: 	: 	: 	: 	: 	: 	: 	: 	: 	: 	: 	: 	: 	: 	: 	: 	: 	: 	: 	: 	: 	: 	: 	: 	: 	: 	: 	: 	: 	3.199 	3.199 	3.199 	3.199 	3.203 	3.203 	3.203 	3.203 	3.203 	3.203 	3.203 	3.447 	3.447 	3.447 	3.447 	3.447 	3.447 	3.447 	3.447 	3.447 	3.447 	3.447 	3.447 	3.397 	3.397 	3.397 	3.397 	3.397 	0.000 	0.000 	0.000 	0.000 	0.000 	0.000 	0.000 	0.000 	0.000 	0.000 	0.000 	0.000 	0.000 	: 	: 	: 	: 	: 	: 
M,IMP_DNC,THS_T,MT	3.000 	3.000 	3.000 	3.000 	3.000 	3.000 	3.000 	3.000 	3.000 	3.000 	3.000 	3.000 	3.000 	3.000 	3.000 	2.000 	2.000 	2.000 	2.000 	2.000 	2.000 	2.000 	2.000 	2.000 	2.000 	2.000 	2.000 	2.000 	2.000 	2.000 	2.000 	2.000 	2.000 	2.000 	2.000 	2.000 	2.000 	2.000 	2.000 	: 	: 	: 	: 	: 	: 	: 	: 	: 	2.000 	2.000 	2.000 	2.000 	2.000 	2.000 	2.000 	2.000 	2.000 	2.000 	2.000 	2.000 	2.000 	2.000 	2.000 	1.000 	1.000 	1.000 	1.000 	1.000 	1.000 	1.000 	1.000 	1.000 	1.000 	1.000 	1.000 	1.000 	1.000 	1.000 	1.000 	1.000 	1.000 	1.000 	1.000 	1.000 	1.176 	1.176 	1.176 	1.176 	1.176 	1.176 	1.276 	1.276 	1.276 	1.276 	1.276 	1.276 	1.276 	1.276 	1.276 	1.276 	1.276 	1.276 	0.898 	0.898 	0.898 	0.898 	0.898 	0.898 	0.898 	0.898 	0.898 	0.898 	0.898 	0.898 	0.944 	0.944 	0.944 	0.944 	0.944 	0.944 	0.944 	0.944 	0.944 	0.944 	0.944 	0.944 	: 	: 	: 	: 	: 	: 	: 	: 	: 	: 	: 	: 	1.144 	1.144 	1.144 	1.144 	1.144 	1.115 	1.144 	1.144 	1.144 	1.144 	1.144 	1.144 	1.262 	1.262 	1.262 	1.262 	1.262 	1.262 	1.262 	1.262 	1.262 	1.262 	1.262 	: 
M,IMP_DNC,THS_T,NL	: 	: 	: 	: 	: 	: 	: 	: 	: 	: 	: 	: 	: 	: 	: 	: 	: 	: 	: 	: 	: 	: 	: 	: 	: 	: 	: 	: 	: 	: 	: 	: 	: 	: 	: 	: 	: 	: 	: 	: 	: 	: 	: 	: 	: 	: 	: 	: 	: 	: 	: 	: 	: 	: 	: 	: 	: 	: 	: 	: 	39.000 	39.000 	39.000 	42.000 	42.000 	42.000 	42.000 	42.000 	42.000 	42.000 	42.000 	42.000 	42.000 	42.000 	42.000 	: 	: 	: 	: 	: 	: 	: 	: 	: 	41.549 	: 	41.549 	41.549 	41.549 	: 	: 	: 	: 	: 	: 	: 	: 	: 	: 	: 	: 	: 	: 	: 	: 	: 	: 	: 	: 	: 	: 	: 	: 	: 	: 	: 	: 	: 	: 	: 	: 	: 	: 	: 	: 	: 	: 	: 	: 	: 	: 	: 	: 	: 	: 	: 	: 	: 	: 	: 	: 	: 	: 	: 	: 	: 	: 	: 	: 	: 	: 	: 	: 	: 	: 	: 	: 	: 	43.419 	: 	: 	: 
M,IMP_DNC,THS_T,PL	66.000 	66.000 	66.000 	62.000 	62.000 	62.000 	62.000 	62.000 	62.000 	62.000 	62.000 	62.000 	62.000 	62.000 	62.000 	56.000 	56.000 	56.000 	56.000 	56.000 	56.000 	56.000 	56.000 	56.000 	56.000 	56.000 	56.000 	55.000 	56.000 	56.000 	56.000 	56.000 	56.000 	56.000 	56.000 	56.000 	56.000 	56.000 	56.000 	60.000 	60.000 	60.000 	60.000 	60.000 	60.000 	60.000 	60.000 	60.000 	60.000 	60.000 	60.000 	66.000 	66.000 	66.000 	66.000 	66.000 	66.000 	66.000 	66.000 	66.000 	66.000 	66.000 	66.000 	73.000 	73.000 	73.000 	73.000 	73.000 	73.000 	73.000 	73.000 	73.000 	75.000 	75.000 	75.000 	79.000 	79.000 	79.000 	79.000 	79.000 	79.000 	79.000 	79.000 	78.631 	78.846 	78.846 	78.846 	78.846 	78.846 	78.846 	80.229 	80.229 	80.229 	80.229 	80.229 	80.229 	78.906 	78.906 	78.906 	78.906 	78.906 	78.906 	73.804 	73.782 	73.782 	73.782 	73.782 	73.782 	73.782 	73.782 	73.782 	73.782 	73.782 	73.782 	73.985 p	73.985 	73.985 	73.985 	73.985 	73.985 	73.985 	73.985 	73.985 	73.985 	73.985 	73.985 	73.985 	73.985 	73.985 	73.985 	73.985 	73.985 	83.001 	83.001 	83.001 	83.001 	83.001 	83.001 	83.001 	83.001 	83.001 	83.001 	83.001 	83.001 	84.967 	84.967 	84.967 	84.967 	84.967 	84.967 	84.735 	84.735 	84.735 	84.735 	84.735 	84.735 	83.860 	83.860 	83.860 	83.860 	83.860 	: 
M,IMP_DNC,THS_T,PT	26.000 	21.000 	21.000 	18.000 	18.000 	18.000 	18.000 	18.000 	18.000 	18.000 	18.000 	18.000 	24.000 	24.000 	24.000 	25.000 	25.000 	25.000 	25.000 	25.000 	25.000 	25.000 	25.000 	25.000 	25.000 	25.000 	25.000 	25.000 	25.000 	25.000 	25.000 	25.000 	25.000 	25.000 	25.000 	25.000 	25.000 	25.000 	25.000 	25.000 	25.000 	25.000 	25.000 	25.000 	25.000 	25.000 	25.000 	25.000 	25.000 	25.000 	25.000 	26.000 	26.000 	26.000 	26.000 	26.000 	26.000 	26.000 	26.000 	26.000 	26.000 	26.000 	26.000 	25.000 	25.000 	25.000 	25.000 	25.000 	25.000 	25.000 	25.000 	25.000 	25.000 	25.000 	25.000 	25.000 	25.000 	25.000 	25.000 	25.000 	25.000 	25.000 	25.000 	25.000 	26.495 	26.495 	26.495 	26.495 	26.495 	26.495 	27.725 	27.725 	27.725 	27.725 	27.725 	27.725 	27.725 	27.725 	27.725 	27.725 	27.725 	27.725 	21.341 	21.341 	21.341 	22.663 	22.663 	22.663 	22.663 	22.663 	22.663 	22.663 	22.663 	22.663 	22.521 	22.521 	22.521 	22.521 	22.521 	22.521 	22.521 	22.521 	22.521 	22.521 	22.521 	22.521 	26.457 	26.457 	26.457 	26.457 	26.457 	26.457 	26.457 	26.457 	26.457 	26.457 	26.457 	26.457 	26.222 	26.222 	26.222 	26.222 	26.222 	26.222 	26.222 	26.222 	26.222 	26.222 	26.222 	26.222 	25.486 	26.150 	26.150 	26.150 	26.150 	26.150 	26.150 	26.150 	26.150 	26.150 	26.150 	: 
M,IMP_DNC,THS_T,RO	: 	: 	: 	: 	: 	: 	: 	: 	: 	: 	: 	: 	: 	: 	: 	: 	: 	: 	: 	: 	: 	: 	: 	: 	: 	: 	: 	: 	: 	: 	: 	: 	: 	: 	: 	: 	: 	: 	: 	: 	: 	: 	: 	: 	: 	: 	: 	: 	: 	: 	: 	: 	: 	: 	: 	: 	: 	: 	: 	: 	: 	: 	: 	16.000 	16.000 	16.000 	16.000 	16.000 	16.000 	16.000 	16.000 	16.000 	16.000 	16.000 	16.000 	16.000 	16.000 	16.000 	16.000 	16.000 	16.000 	16.000 	16.000 	16.000 	16.487 	16.487 	16.487 	16.487 	16.487 	16.487 	16.735 	16.735 	16.735 	16.735 	16.735 	16.735 	16.735 	16.735 	16.735 	16.735 	16.735 	16.735 	17.514 	17.514 	17.514 	17.514 	17.514 	17.514 	17.514 	17.514 	17.514 	17.514 	17.514 	17.514 	20.137 	20.137 	20.137 p	20.137 	20.137 	20.137 	20.137 	20.137 	20.137 	20.137 	20.137 	20.137 	20.294 	20.294 	20.294 	20.294 	20.294 	20.294 	20.294 	20.294 	20.294 	20.294 	20.294 	20.294 	21.643 	21.643 	21.643 	21.643 	21.643 	21.643 	21.433 	21.433 	21.433 	21.433 	21.433 	21.433 	22.608 	22.608 	22.608 	22.608 	22.608 	22.608 	22.608 	22.608 	22.608 	22.608 	: 	: 
M,IMP_DNC,THS_T,RS	: 	: 	: 	: 	: 	: 	: 	: 	: 	: 	: 	: 	: 	: 	: 	: 	: 	: 	: 	: 	: 	: 	: 	: 	: 	: 	: 	: 	: 	: 	: 	: 	: 	: 	: 	: 	: 	: 	: 	: 	: 	: 	: 	: 	: 	: 	: 	: 	: 	: 	: 	: 	: 	: 	: 	: 	: 	: 	: 	: 	: 	: 	: 	: 	: 	: 	: 	: 	: 	: 	: 	: 	: 	: 	: 	: 	: 	: 	: 	: 	: 	: 	: 	: 	: 	: 	: 	: 	: 	: 	: 	: 	: 	: 	: 	: 	: 	: 	: 	: 	: 	: 	: 	: 	: 	: 	: 	: 	: 	: 	: 	: 	: 	: 	: 	: 	: 	: 	: 	: 	6.571 	6.571 	6.571 	6.571 	6.571 	6.571 	7.508 	7.508 	7.508 	7.508 	7.508 	7.508 	7.508 	7.508 	7.508 	7.508 	7.508 	7.508 	7.629 	7.629 	7.629 	7.629 	7.629 	7.629 	7.629 	7.629 	7.629 	7.629 	7.629 	7.629 	7.663 	7.663 	7.663 	7.663 	7.663 	7.663 	7.663 	7.663 	7.663 	7.663 	7.663 	: 
M,IMP_DNC,THS_T,SE	32.000 	32.000 	32.000 	31.000 	31.000 	31.000 	31.000 	31.000 	31.000 	31.000 	31.000 	31.000 	31.000 	31.000 	31.000 	31.000 	31.000 	31.000 	31.000 	31.000 	31.000 	31.000 	31.000 	31.000 	31.000 	31.000 	31.000 	29.000 	29.000 	29.000 	29.000 	29.000 	29.000 	29.000 	29.000 	29.000 	29.000 	29.000 	29.000 	24.000 	24.000 	24.000 	24.000 	24.000 	24.000 	24.000 	24.000 	24.000 	24.000 	24.000 	24.000 	29.000 	29.000 	29.000 	29.000 	29.000 	29.000 	29.000 	29.000 	29.000 	29.000 	29.000 	29.000 	25.000 	25.000 	25.000 	25.000 	25.000 	25.000 	25.000 	25.000 	25.000 	25.000 	25.000 	25.000 	25.000 	25.000 	25.000 	25.000 	25.000 	25.000 	25.000 	25.000 	24.817 	24.817 	24.817 	24.817 	24.817 	24.817 	24.817 	24.781 	24.781 	24.781 p	24.781 	24.781 	24.781 	24.781 	24.781 	24.781 	24.781 	24.781 	24.781 	18.400 	18.400 	18.400 	18.400 	18.400 	18.400 	18.400 	18.400 	18.400 	18.400 	18.400 	18.400 	20.961 	20.961 	20.961 	20.961 	20.961 	20.961 	20.961 	20.961 	20.961 	20.961 	20.961 	20.961 	20.961 	20.961 	20.961 	20.961 	20.961 	20.961 	20.961 	20.961 	20.961 	20.961 	20.961 	20.961 	21.496 	21.496 	21.496 	21.496 	21.496 	21.496 	21.496 	21.496 	21.496 	21.496 	21.496 	21.496 	21.437 	21.437 	21.437 	21.437 	21.437 	: 	21.437 	21.437 	21.437 	21.437 	21.437 	: 
M,IMP_DNC,THS_T,SI	7.000 	7.000 	7.000 	7.000 	7.000 	7.000 	7.000 	7.000 	7.000 	7.000 	7.000 	7.000 	7.000 	7.000 	7.000 	7.000 	7.000 	7.000 	7.000 	7.000 	7.000 	7.000 	7.000 	7.000 	7.000 	7.000 	7.000 	6.000 	6.000 	6.000 	6.000 	6.000 	6.000 	6.000 	6.000 	6.000 	6.000 	6.000 	6.000 	6.000 	6.000 	6.000 	6.000 	6.000 	6.000 	6.000 	6.000 	6.000 	6.000 	6.000 	6.000 	7.000 	7.000 	7.000 	7.000 	7.000 	7.000 	7.000 	7.000 	7.000 	7.000 	7.000 	7.000 	6.000 	6.000 	6.000 	6.000 	6.000 	6.000 	6.000 	6.000 	6.000 	6.000 	6.000 	6.000 	7.000 	7.000 	7.000 	7.000 	7.000 	7.000 	7.000 	7.000 	7.000 	6.594 	6.594 	6.594 	6.594 	6.594 	6.594 	6.232 	6.232 	6.232 	6.232 	6.232 	6.232 	6.232 	6.232 	6.232 	6.232 	6.232 	6.232 	5.532 	5.532 	5.532 	5.532 	5.532 	5.532 	5.532 	5.532 	5.532 	5.532 	5.532 	5.532 	6.011 	6.011 	6.011 	6.011 	6.011 	6.011 	6.011 	6.011 	6.011 	6.011 	6.011 	6.011 	6.895 	6.895 	6.895 	6.895 	6.895 	6.895 	6.895 	6.895 	6.895 	6.895 	6.895 	6.895 	6.008 	6.008 	6.008 	6.008 	6.008 	6.008 	6.008 	6.008 	6.008 	6.008 	6.008 	6.008 	5.878 	5.878 	5.878 	5.878 	5.878 	5.878 	5.878 	5.878 	5.878 	5.878 	5.878 	: 
M,IMP_DNC,THS_T,SK	7.000 	7.000 	7.000 	7.000 	7.000 	7.000 	7.000 	7.000 	7.000 	7.000 	7.000 	7.000 	7.000 	7.000 	7.000 	7.000 	7.000 	7.000 	7.000 	7.000 	7.000 	7.000 	7.000 	7.000 	7.000 	7.000 	7.000 	7.000 	7.000 	7.000 	7.000 	7.000 	7.000 	7.000 	7.000 	7.000 	7.000 	7.000 	7.000 	8.000 	8.000 	8.000 	8.000 	8.000 	8.000 	8.000 	8.000 	8.000 	8.000 	8.000 	8.000 	9.000 	9.000 	9.000 	9.000 	9.000 	9.000 	9.000 	9.000 	9.000 	9.000 	9.000 	9.000 	8.000 	8.000 	8.000 	8.000 	8.000 	8.000 	8.000 	8.000 	8.000 	8.000 	8.000 	8.000 	9.000 	9.000 	9.000 	9.000 	9.000 	9.000 	9.000 	9.000 	9.000 	8.900 	8.900 	8.900 	8.900 	8.900 	8.900 	7.917 	7.917 	7.917 	7.917 	7.917 	7.917 	7.917 	7.917 	7.917 	7.917 	7.917 	7.917 	7.037 	7.037 	7.037 	7.037 	7.037 	7.037 	7.037 	7.037 	7.037 	7.037 	7.037 	7.037 	7.507 	7.507 	7.507 	7.507 	7.507 	7.507 	7.507 	7.507 	7.507 	7.507 	7.507 	7.507 p	7.844 	7.844 	7.844 	7.844 	7.844 	7.844 	7.844 	7.844 	7.844 	7.844 	7.844 	7.844 	7.934 	7.934 	7.934 	7.934 	7.934 	7.934 	7.934 	7.934 	7.934 	7.934 	7.934 	7.934 	8.701 	8.701 	8.701 	8.701 	8.701 	8.701 	8.701 	8.701 	8.701 	8.701 	8.701 	: 
M,IMP_DNC,THS_T,TR	: 	: 	: 	: 	: 	: 	: 	: 	: 	: 	: 	: 	: 	: 	: 	: 	: 	: 	: 	: 	: 	: 	: 	: 	: 	: 	: 	: 	: 	: 	: 	: 	: 	: 	: 	: 	: 	: 	: 	: 	: 	: 	: 	: 	: 	: 	: 	: 	: 	: 	: 	: 	: 	: 	: 	: 	: 	: 	: 	: 	: 	: 	: 	: 	: 	: 	: 	: 	: 	: 	: 	: 	: 	: 	: 	: 	: 	: 	: 	: 	: 	: 	: 	: 	: 	: 	: 	: 	: 	: 	: 	: 	: 	: 	: 	: 	: 	: 	: 	: 	: 	: 	: 	: 	: 	: 	: 	: 	: 	: 	: 	: 	: 	: 	: 	: 	: 	: 	: 	: 	: 	: 	: 	: 	: 	: 	: 	: 	: 	: 	: 	: 	: 	: 	: 	: 	: 	: 	: 	: 	: 	: 	: 	: 	0.000 	0.000 	0.000 	0.000 	0.000 	0.000 	0.000 	0.000 	0.000 	0.000 	0.000 	0.000 	: 	: 	: 	: 	: 	: 
M,STK_EUE_DIR,NR,AL	: 	: 	: 	: 	: 	: 	: 	: 	: 	: 	: 	: 	: 	: 	: 	: 	: 	: 	: 	: 	: 	: 	: 	: 	: 	: 	: 	: 	: 	: 	: 	: 	: 	: 	: 	: 	: 	: 	: 	: 	: 	: 	: 	: 	: 	: 	: 	: 	: 	: 	: 	: 	: 	: 	: 	: 	: 	: 	: 	: 	: 	: 	: 	: 	: 	: 	: 	: 	: 	: 	: 	: 	: 	: 	: 	: 	: 	: 	: 	: 	: 	: 	: 	: 	: 	: 	: 	: 	: 	: 	: 	: 	: 	: 	: 	0 	0 	0 	0 	0 	0 	0 	0 	0 	0 	0 	0 	0 	0 	0 	0 	0 	0 	0 	0 	0 	0 	0 	0 	0 	0 	0 	0 	0 	0 	0 	0 	0 	0 	0 	0 	0 	0 	0 	0 	0 	0 	0.000 	0.000 	0.000 	0.000 	0.000 	0.000 	0.000 	0.000 	0.000 	0.000 	0.000 	0.000 	0.000 	0.000 	0.000 	0.000 	0.000 	0.000 	0.000 	0.000 	0.000 	0.000 	0.000 	0.000 	: 
M,STK_EUE_DIR,NR,AT	95 	101 	93 	105 	102 	102 	100 	101 	100 	98 	100 	99 	105 	104 	105 	96 	104 	98 	96 	98 	97 	95 	103 	99 	103 	111 	112 	118 	115 	117 	107 	113 	110 	112 	113 	115 	127 	121 	118 	107 	106 	107 	112 	108 	99 	100 	104 	107 	107 	110 	114 	100 	101 	96 	97 	95 	101 	93 	95 	91 	97 	97 	96 	93 	91 	91 	94 	86 	86 	86 	86 	86 	91 	97 	104 	93 	92 	92 	93 	92 	94 	93 	93 	93 	93 	94 	94 	94 	93 	93 	93 	93 	93 	93 	93 	93 	93 	93 	93 	93 	93 	93 	94 	94 	94 	93 	93 	93 	94 	94 	91 	92 	91 	84 	69 	67 	65 	64 	77 	85 	85 	85 	90 	91 	91 	91 	91 	91 	91 	91 	91 	91 	92 	92 	91.026 	91.753 	90.861 	91.448 	92.887 	92.671 	91.897 	91.711 	91.434 	91.545 	91.712 	91.812 	91.441 	91.200 	91.381 	91.495 	92.868 	91.798 	91.686 	91.319 	92.059 	92.060 	92.060 	91.294 	90.866 	88.914 	88.929 	88.492 
M,STK_EUE_DIR,NR,BE	92 	92 	94 	90 	93 	93 	99 	100 	102 	100 	100 	102 	103 	102 	104 	130 	130 	129 	107 	106 	105 	108 	108 	108 	106 	106 	104 	110 	111 	111 	108 	107 	107 	109 	109 	109 	109 	109 	109 	83 	83 	83 	85 	85 	85 	84 	85 	86 	86 	86 	86 	113 	113 	113 	106 	106 	106 	105 	104 	105 	106 	106 	106 	90 	90 	90 	90 	90 	90 	91 	91 	91 	90 	89 	90 	106 	105 	104 	104 	104 	104 	106 	106 	106 	105 	105 	105 	105 	105 	105 	104 	103 	103 	104 	104 	104 	105 	106 	104 	103 	103 	104 	98 	98 	98 	118 	118 	118 	106 	106 	110 	108 	107 	107 	107 	107 	107 	109 	109 	110 	108 	108 	108 	108 	108 	108 	108 	107 	107 	108 	106 	106 	108 	107 	108 	108 	107.497 	108.758 	106.579 	106.980 	107.373 	104.249 	104.474 	104.472 	104.404 	104.214 	106.627 	107.259 	108.174 	108.171 	108.677 	105.020 	105.498 	105.889 	104.752 	106.989 	105.589 	105.923 	107.820 	111.039 	110.957 	110.855 
M,STK_EUE_DIR,NR,BG	71 	71 	71 	63 	63 	63 	63 	63 	70 	70 	70 	70 	71 	71 	71 	69 	69 	69 	69 	69 	69 	69 	70 	71 	77 	77 	76 	71 	70 	70 	73 	73 	73 	75 	75 	76 	76 	75 	75 	79 	80 	82 	81 	80 	81 	83 	83 	83 	83 	83 	83 	90 	90 	89 	90 	90 	90 	90 	92 	92 	92 	92 	91 	83 	83 	82 	76 	76 	75 	76 	76 	77 	77 	77 	76 	78 	77 	77 	77 	77 	77 	77 	77 	78 	79 	80 	81 	83 	82 	82 	78 	77 	77 	77 	78 	78 	78 	77 	78 	75 	75 	74 	83 	83 	83 	83 	84 	84 	83 	84 	83 	83 	83 	82 	78 	78 	78 	79 	79 	80 	80 	80 	81 	82 	82 	82 	81 	81 	81 	81 	82 	82 	83 	83 	82 	83 	82.998 	83.343 	89.964 	89.706 	89.507 	88.154 	87.659 	89.279 	88.594 	88.427 	88.460 	88.021 	87.884 	87.818 	85.343 	84.872 	84.714 	82.941 	84.729 	84.757 	84.537 	86.418 	85.441 	85.437 	85.477 	85.477 
M,STK_EUE_DIR,NR,CY	81 	81 	79 	80 	76 	85 	86 	79 	80 	85 	86 	84 	87 	81 	81 	76 	81 	84 	83 	83 	85 	89 	85 	82 	97 	92 	92 	90 	81 	86 	89 	94 	87 	89 	85 	88 	96 	97 	94 	94 	107 	107 	105 	109 	105 	106 	107 	102 	111 	110 	97 	95 	98 	97 	98 	102 	94 	96 	94 	98 	94 	105 	98 	86 	87 	85 	88 	82 	82 	84 	87 	88 	83 	89 	88 	92 	99 	95 	101 	98 	98 	103 	103 	98 	94 	93 	101 	103 	100 	106 	80 	71 	79 	85 	90 	87 	93 	96 	86 	94 	96 	88 	90 	90 	90 	90 	90 	95 	99 	99 	99 	90 	90 	88 	91 	91 	91 	91 	91 	91 	90 	90 	90 	90 	90 	89 	90 	90 	90 	88 	87 	91 	90 	90 	90 	90.161 	89.555 	83.776 	85.529 	88.705 	90.614 	87.086 	88.880 	88.681 	90.039 	91.737 	91.738 	94.437 	94.252 	86.853 	86.854 	85.666 	90.317 	90.314 	90.311 	86.804 	88.653 	90.827 	91.247 	91.233 	91.721 	91.721 
M,STK_EUE_DIR,NR,CZ	93 	94 	94 	97 	95 	94 	95 	96 	96 	93 	93 	98 	98 	98 	97 	100 	100 	98 	97 	97 	98 	98 	99 	99 	99 	99 	99 	97 	98 	98 	97 	96 	96 	97 	98 	100 	100 	100 	100 	91 	91 	92 	92 	91 	90 	90 	90 	91 	91 	91 	90 	86 	85 	85 	85 	85 	85 	86 	85 	85 	86 	87 	88 	78 	78 	79 	84 	83 	83 	83 	86 	86 	86 	86 	86 	84 	84 	74 p	75 	77 	79 	80 	83 	85 	84 	84 	84 	84 	84 	84 	83 	83 	83 	83 	83 	83 	83 	83 	83 	83 	83 	82 	93 	93 	93 	92 	93 	94 	94 	95 	95 	94 	94 	94 	89 	89 	89 	87 	88 	88 	89 	89 	89 	89 	88 	88 	86 	86 	90 	90 	90 	92 	91 	92 	92 	91.714 	91.112 	90.076 	90.156 	87.378 	86.175 	86.036 	88.258 	90.100 	90.267 	90.415 	82.786 	78.675 	78.906 	81.674 	82.672 	81.684 	84.205 	78.963 	82.826 	86.019 	88.509 	88.431 	88.567 	85.112 	85.202 	0.000 
M,STK_EUE_DIR,NR,DE	91 	92 	92 	105 	105 	105 	105 	106 	106 	105 	105 	105 	105 	106 	105 	102 	102 	103 	102 	102 	102 	101 	101 	102 	102 	102 	103 	108 	108 	108 	108 	108 	108 	108 	108 	109 	109 	109 	109 	107 	107 	106 	107 	106 	106 	106 	106 	105 	105 p	105 p	105 p	104 p	103 p	104 p	103 p	102 p	102 p	102 p	102 p	102 p	103 	103 	102 	100 	100 	101 	100 	100 	100 	100 	99 	100 	99 	100 	102 	89 	91 	94 	92 	92 	91 	91 	90 	90 	92 	92 	92 	92 	92 	92 	93 	92 	93 	92 	92 	92 	92 	92 	92 	92 	92 	92 	105 	104 	104 	103 	102 	101 	101 	101 	99 	99 	99 	99 	103 	103 	104 	104 	105 	105 	105.590 	105.455 	103.730 	102.518 	102.613 	102.953 	96.690 	96.653 	95.896 	94.577 	94.488 	94.369 	93.111 	93.243 	93.443 	93.090 	92.998 	92.775 	96.169 	95.713 	95.030 	94.060 	93.725 	93.610 	93.352 	92.812 	91.388 	90.997 	90.833 	91.051 	95.581 	95.452 	95.340 	95.693 	95.460 	95.672 	95.665 	94.196 	95.466 	93.708 	92.675 	: 
M,STK_EUE_DIR,NR,DK	73 p	73 	73 p	76 p	76 	76 p	74 p	74 p	74 	74 p	74 	74 p	74 	74 	74 	75 	75 	75 	74 	74 	74 	74 	74 	74 	74 	74 	73 	75 	75 	75 	73 p	74 	73 	73 	74 	73 	76 p	75 p	76 	73 	73 p	73 	74 	74 	74 	74 	74 	74 	74 	74 	74 	72 	72 	72 	74 	74 	75 	74 	74 	74 	74 	74 	74 	75 	75 	74 	75 	75 	75 	75 	75 	75 	75 	76 	76 	75 	75 	75 	76 	76 	76 	76 	76 	76 	72 	71 	71 	70 	70 	70 	73 	74 	70 	72 	70 	71 	71 	70 	70 	69 	70 	70 	68 	67 	68 	67 	70 	70 	73 	71 	71 	72 	71 	72 	73 	75 	72 	73 	72 	72 	73 	73 	72 	72 	73 	72 	73 	73 	72 	72 	71 	72 	72.425 	71.475 	70.854 	71.408 	72.301 	72.493 	72.253 	72.713 	72.875 	73.036 	72.806 	74.222 	76.117 	77.296 	75.780 	76.550 	76.466 	76.237 	73.551 	73.322 	72.659 	72.960 	73.672 	72.839 	73.788 	72.423 	72.665 	70.391 	70.045 	: 
M,STK_EUE_DIR,NR,EE	89 	88 	88 	79 	89 	87 	76 	79 	79 	78 	76 	73 	64 	64 	65 	72 	72 	72 	72 	73 	73 	73 	73 	73 	73 	73 	73 	76 	76 	76 	72 	72 	72 	72 	72 	72 	72 	72 	72 	72 	72 	72 	72 	72 p	73 p	73 p	73 p	73 p	73 	73 	73 	68 	68 p	68 p	68 p	69 p	69 p	73 	76 	72 	72 	67 	67 	66 	66 	64 	64 	64 	64 	68 	70 	70 	70 	70 	70 	70 	75 	75 	75 	75 	75 	75 	75 	72 	76 	76 	79 	79 	79 	79 	79 	79 	79 	81 	81 	81 	91 	91 	91 	91 	91 	91 	92 	92 	92 	92 	92 	92 	92 	91 	90 	90 	84 	90 	79 	79 	79 	79 	79 	82 	82 	82 	82 	82 	82 	81.731 	81.415 	78.259 	73.841 	76.366 	74.157 	80.784 	80.784 	74.157 	80.784 	80.784 	88.673 	88.673 	88.673 	82.362 	87.973 	87.973 	87.973 	87.973 	87.973 	87.973 	110.188 	82.356 	110.188 	110.188 	107.650 	82.582 	82.582 	82.582 	82.582 	82.582 	82.582 	82.582 	81.654 	76.396 	75.468 	: 
M,STK_EUE_DIR,NR,EL	92 	91 	97 	98 	101 	94 	100 	94 	100 	96 	95 	96 	101 	97 	96 	103 	103 	101 	104 	101 	117 	105 	110 	106 	113 	108 	123 	115 	110 	105 	99 	108 	114 	115 	126 	119 	119 	132 	129 	122 	123 	127 	131 	124 	119 	119 	130 	137 	126 	135 	140 	123 	118 	123 	123 	127 	126 	123 	125 p	116 p	117 	122 	122 	124 	126 p	122 	140 	134 	133 	130 	133 	131 	132 	132 p	142 	111 p	116 p	110 	119 p	121 	100 	115 	122 p	110 	134 	131 	139 	129 	130 	117 	126 	129 	115 	137 	137 	105 	130 	124 	123 	120 	115 	112 	138 	137 	130 	132 	138 	143 	151 	154 	134 	130 	144 	126 	126 p	114 	125 	123 	141 	133 	137 	118 	133 	131 	127 	124 	98 	95 	103 	98 	94 	97 	96 	96.302 	101.770 	100.276 	105.843 	99.031 	112.915 	115.289 	123.768 	114.954 	111.718 	117.064 	127.717 	126.510 	138.068 	126.754 	112.466 	126.780 	98.238 	96.401 	98.290 	94.894 	104.507 	93.914 	95.332 	102.212 	105.733 	99.081 	95.028 	: 
M,STK_EUE_DIR,NR,ES	102 	103 	102 	107 	106 	103 	107 	109 	107 	109 	106 	99 	100 	100 	101 	110 	111 	108 	107 	109 	111 	111 	109 	108 	107 	114 	119 	120 	120 	120 	120 	120 	127 	122 	122 	118 	123 	125 	126 	124 	121 	115 	121 	126 	122 	119 	119 	110 	116 	121 	119 	117 	112 	108 	113 	108 	107 	105 	107 	101 	105 	106 	107 	108 	105 	99 	103 	100 	99 	99 	100 	96 	100 	101 	102 	94 	97 	99 	95 	98 	95 	94 	95 	99 	97 	96 	101 	109 	106 	101 	102 	102 	99 	106 	104 	99 	101 	105 	97 	120 	125 	116 	118 	120 	112 	113 	114 	107 	110 	112 	109 	105 	110 	110 	105 	107 	105 	101 	101 	102 	112.075 	114.235 	108.366 	118.833 	114.101 	117.993 	104.285 	107.251 	98.250 	99.134 	102.359 	97.039 	98.691 	98.381 	94.727 	96.214 	98.271 	98.262 	100.760 	103.666 	99.476 	98.161 	97.994 	97.653 	102.338 	102.457 	102.465 	103.076 	104.369 	100.761 	95.575 	94.252 	94.264 	92.974 	93.714 	93.250 	96.500 	100.410 	98.727 	101.633 	106.378 	: 
M,STK_EUE_DIR,NR,FI	117 	138 	126 	157 	153 	160 	165 	164 	169 	163 	159 	162 	164 	161 	157 	184 	180 	181 	193 	193 	194 	186 	189 	186 	197 	195 	199 	164 	173 	184 	169 	166 	158 	170 	159 	174 	171 	170 	164 	180 	174 	179 	179 	175 	177 	175 	176 	181 	187 	186 	183 	179 	180 	174 	181 	169 	169 	174 	178 	166 	171 	166 	173 	182 	174 	167 	161 	160 	157 	160 	160 	166 	164 	160 	159 	145 	144 	142 	141 	142 	141 	156 	148 	156 	153 	153 	153 	155 	155 	155 	147 	147 	148 	148 	148 	148 	147 	147 	147 	147 	147 	147 	196 	201 	201 	201 	201 	201 	200 	200 	197 	198 	195 	194 	202 	202 	202 	202 	202 	201 	202 	202 	202 	202 	202 	202 	213 	184 	184 	184 	184 	184 	180 	180 	180 	180 	179.546 	174.795 	174.496 	174.616 	174.556 	174.556 	174.437 	178.854 	178.794 	178.794 	178.794 	178.675 	178.436 	178.496 	178.985 	183.965 	183.965 	0.000 	0.000 	190.414 	190.414 	190.414 	190.289 	181.810 	0.000 	181.870 
M,STK_EUE_DIR,NR,FR	92 	92 	92 	91 	91 	91 	91 	91 	91 	91 	92 	91 	92 	92 	91 	92 	91 	90 	96 	97 	97 	96 	97 	97 	96 	96 	96 	97 	97 	96 	96 	96 	96 	96 	96 	96 	96 	96 	96 	98 	94 	94 	94 	97 	97 	92 	95 	97 	96 	97 	98 	97 	97 	96 	96 	95 	96 	96 	94 	94 	93 	94 	93 	91 	93 	92 	92 	92 	91 	91 	90 	89 	91 	91 	91 	92 	92 	89 	90 	90 	90 	90 	90 	86 	87 	88 	89 	92 	92 	91 	91 	91 	91 	91 	88 	87 	87 	87 	87 	88 	87 	88 	112 	112 	112 	110 	110 	112 	110 	110 	105 	102 	102 	98 	92 	92 	91 	88 	91 	97 	101 	101 	95 	95 	99 	101 	91 	92 	93 	92 	92 	92 	92 	93 	94 	93.205 	93.984 	93.783 	94.798 	96.421 	95.542 	95.414 	95.374 	97.955 	95.196 	94.773 	95.197 	94.032 	94.592 	96.651 	94.223 	94.354 	93.841 	95.132 	95.061 	96.222 	94.862 	95.325 	94.527 	90.825 	91.343 	: 
M,STK_EUE_DIR,NR,GE	: 	: 	: 	: 	: 	: 	: 	: 	: 	: 	: 	: 	: 	: 	: 	: 	: 	: 	: 	: 	: 	: 	: 	: 	: 	: 	: 	: 	: 	: 	: 	: 	: 	: 	: 	: 	: 	: 	: 	: 	: 	: 	: 	: 	: 	: 	: 	: 	: 	: 	: 	: 	: 	: 	: 	: 	: 	: 	: 	: 	: 	: 	: 	: 	: 	: 	: 	: 	: 	: 	: 	: 	: 	: 	: 	: 	: 	: 	: 	: 	: 	: 	: 	: 	: 	: 	: 	: 	: 	: 	: 	: 	: 	: 	: 	: 	0 	0 	0 	0 	0 	0 	0 	0 	0 	0 	0 	0 	0 	0 	0 	0 	0 	0 	0 	0 	0 	0 	0 	0 	0 	0 	0 	0 	0 	0 	0 	0 	0 	0 	0 	0 	0 	0 	0 	0.000 	0.000 	0.000 	0.000 	0.000 	0.000 	0.000 	0.000 	0.000 	0.000 	0.000 	0.000 	0.000 	0.000 	0.000 	0.000 	0.000 	0.000 	0.000 	0.000 	0.000 	0.000 	0.000 	0.000 	0.000 	0.000 	: 
M,STK_EUE_DIR,NR,HR	82 	85 	85 	87 	74 	74 	74 	83 	83 	87 	89 	89 	94 	94 	97 	91 	97 	97 	97 	91 	92 	93 	93 	93 	92 	92 	92 	96 	95 	93 	93 	93 	93 	94 	95 	95 	90 	90 	90 	90 	90 	90 	90 	91 	91 	91 	91 	91 	85 	85 	87 	90 	91 	91 	91 	91 	91 	91 	91 	91 	90 	90 	90 	88 	88 	88 	88 	86 	86 	86 	87 	88 	88 	88 	88 	87 	83 	82 	82 	82 	82 	85 	90 	91 	91 	92 	93 	94 	97 	97 	93 	93 	93 	93 	93 	92 	92 	92 	92 	92 	92 	92 	101 	100 	90 	91 	90 	96 	99 	99 	94 	92 	87 	87 	83 	83 	83 	86 	86 	90 	92 	92 	90 	89 	90 	92 	92 	90 	90 	90 	90 	92 	92 	93 	93 	92.417 	91.036 	94.224 	93.052 	91.415 	90.815 	90.708 	90.067 	94.259 	91.298 	90.662 	90.703 	90.703 	93.138 	93.138 	88.481 	87.552 	90.197 	91.176 	91.176 	91.113 	91.698 	91.647 	89.981 	87.756 	85.441 	85.441 
M,STK_EUE_DIR,NR,HU	111 	109 	110 	110 	102 	101 	101 	98 	92 	87 	87 	96 	102 p	103 	99 	101 	106 	102 	110 	114 	111 	112 	118 	121 p	121 	121 	121 	94 	94 	94 	94 	94 	94 	95 	95 	95 p	95 	95 	98 	102 	102 	103 	103 	105 p	105 	105 	105 	104 	104 	105 	105 	101 	101 	101 	101 	101 	101 	101 	101 	101 	100 	100 	101 	102 	102 	105 	106 	106 	106 	105 	104 	104 	103 	104 	104 	93 	79 	79 	79 	79 	85 	88 	91 	93 	93 	93 	93 	93 	93 	93 	91 	90 	90 	90 	90 	90 	90 	90 	91 	91 	92 	93 	102 	102 	102 	102 	101 	100 	100 	100 	98 	95 	92 	90 	84 	73 	73 	73 	75 	78 	79 	84 	91 	90 	90 	90 	90 	90 	90 	90 	90 	90 	90 	90 	91 	90.616 	90.616 	90.700 	90.483 	90.809 	91.016 	90.913 	90.690 	90.334 	90.127 	90.145 	95.142 	96.629 	96.622 	96.622 	96.756 	96.886 	97.156 	97.465 	97.093 	96.556 	96.304 	91.517 	44.368 	70.044 	62.411 	: 
M,STK_EUE_DIR,NR,IE	85 	83 	84 	102 	101 	101 	100 	99 	98 	91 p	97 	98 	98 	97 	97 	96 	96 	97 	97 	96 	98 	90 	101 	98 	97 	96 	96 	97 	96 	97 	96 	98 	97 	99 	101 	104 	99 	98 	98 	97 	97 	97 	98 	97 	90 	88 	87 	83 p	97 	86 	86 	93 	92 	92 	90 	81 	83 	96 	93 	95 	90 	90 	90 	90 	90 	89 	91 	91 	93 	90 	91 	90 	90 	98 	91 	91 	91 	92 	90 	91 	91 	91 	91 	96 	91 	71 	75 	72 	71 	71 	72 	73 	73 	72 	74 	77 	76 	76 	73 	77 	77 	77 	91 	91 	90 	90 	90 	86 	85 	85 	77 	80 	80 	78 	79 p	81 p	81 p	80 	80 	81 	85 	85 	85 	84 	85 	85 	87 	87 	87 	86 	86 	86 	87 	85 	85 	85.008 	84.784 	84.784 	85.957 	83.636 	84.924 	84.843 	84.728 	84.979 	84.935 	84.711 	84.610 	84.986 	83.134 	83.518 	86.230 	86.250 	86.190 	86.394 	86.261 	87.603 	87.040 	86.461 	86.539 	80.891 	81.116 	: 
M,STK_EUE_DIR,NR,IT	97 	96 	95 	110 	107 	97 	90 	91 	90 	90 	90 	90 	90 	90 	90 	90 	91 	91 	91 	92 	91 	90 	90 	91 	91 	90 	91 	91 	91 	91 	90 	91 	91 	90 	90 	91 	91 	91 	91 	91 	91 	91 	91 	91 	91 	91 	91 	91 	91 	91 	91 	90 	90 	90 	91 	91 	91 	91 	91 	91 	90 	90 	90 	90 	90 	90 	90 	91 	91 	90 	90 	90 	91 	91 	91 	91 	91 	91 	90 	91 	91 	90 	90 	90 	90 	90 	91 	90 	90 	90 	90 	90 	90 	90 	90 	91 	90 	90 	91 	90 	90 	90 	91 	90 	90 	90 	90 	90 	91 	91 	89 	82 	82 	83 	84 	83 	85 	86 	91 	91 	92 	92 	92 	92 	94 	94 	92 p	92 	92 	90 	91 	90 	90.462 	90.309 	90.246 	89.880 	89.877 	89.931 	90.983 	90.836 	91.024 	91.310 	91.238 	91.808 	91.112 	91.044 	91.207 	90.989 	91.239 	90.944 	90.739 	90.507 	90.292 	90.181 	90.194 	90.481 	90.239 	90.140 	90.247 	76.678 	76.592 	: 
M,STK_EUE_DIR,NR,LT	108 	101 	95 	98 	90 	90 	90 	94 	95 	94 	95 	95 	96 	97 	97 	99 	99 	92 	102 	95 	102 	95 	102 	102 	102 	101 	101 	95 	92 	92 	94 	92 	92 	92 	92 	92 	92 	92 	93 	97 	97 	97 	91 	90 	90 	90 	90 	90 	90 	90 	90 	90 	90 	90 	90 	90 	90 	90 	90 	90 	89 	90 	90 	90 	90 	90 	90 	90 	90 	90 	90 	90 	90 	90 	90 	88 	88 	90 	90 	90 	90 	90 	90 	90 	90 	90 	90 	94 	98 	96 	92 	96 	96 	96 	96 	96 	96 	96 	96 	96 	95 	96 	93 	94 	93 	94 	94 	94 	94 	93 	91 	86 	86 	86 	86 	86 	86 	86 	84 	86 	86 	86 	86 	85 	86 	86 	93 	93 	93 	93 	93 	93 	93 	93 	93 	93.065 	94.143 	89.522 	94.008 	94.007 	91.363 	92.822 	94.002 	94.000 	94.099 	93.962 	94.122 	91.379 	90.973 	93.883 	93.003 	93.516 	92.995 	93.262 	93.385 	93.062 	93.438 	99.748 	87.420 	85.690 	87.544 	: 
M,STK_EUE_DIR,NR,LU	93 	89 	89 	93 	101 	92 	98 	92 	91 	93 	93 	91 	87 	87 	90 	87 	86 	84 	82 	83 	85 	86 	86 	85 	83 	85 	85 	88 	93 	93 	94 	94 	94 	93 	93 	93 	92 	92 	92 	94 	94 	94 	95 	95 	95 	93 	93 	93 	97 	97 	97 	97 	97 	97 	96 	96 	96 	96 	96 	96 	97 	97 	97 	98 	98 	98 	89 	93 	95 	94 	94 	94 p	93 	93 	93 	93 	93 	93 	92 	91 	92 	92 	92 	92 	91 	92 	93 	93 	93 	93 	97 	97 	96 	94 	94 	94 	94 	94 	94 	94 	94 	94 	93 	93 	93 	93 	93 	93 	93 	93 	92 	92 	92 	92 	93 	93 	93 	93 	93 	93 	93 	93 	93 	93 	93 	93 	93 	93 	93 	93 	93 	93 	97.358 	97.358 	97.358 	98.294 	98.188 	98.188 	92.804 	92.804 	92.804 	96.660 	96.660 	96.660 	98.656 	98.656 	98.656 	98.740 	98.740 	98.740 	97.793 	97.793 	97.793 	93.955 	93.955 	93.955 	96.932 	96.932 	95.852 	95.972 	95.972 	: 
M,STK_EUE_DIR,NR,LV	79 	79 	79 	78 	73 	73 	97 	97 	97 	97 	97 	94 	94 	94 	94 	94 	94 	94 	97 	98 	99 	99 	98 	95 	95 	95 	95 	91 	91 	91 	91 	91 	91 	91 	91 	91 	91 	91 	91 	93 	93 	93 	97 	97 	97 	97 	97 	97 	97 	97 	97 	98 	98 	98 	3 	3 	3 	3 	3 	95 	95 	95 	95 	86 	86 	86 	86 	2 	2 	2 	2 	96 	96 	96 	96 	92 	92 	92 	92 	92 	92 	92 	92 	92 	92 	92 	92 	95 	95 	95 	95 	95 	95 	95 	95 	87 	89 	89 	89 	98 	98 	98 	98 	98 	98 	98 	98 	98 	85 	49 	85 	81 	81 	81 	81 	81 	82 	83 	83 	82 	55 	55 	55 	53 	53 	80 	80 	80 	80 	80 	80 	80 	35.629 	36 	36 	33.566 	33.566 	33.566 	33.566 	33.566 	33.566 	33.566 	36.230 	53.212 	88.219 	88.218 	90.401 	90.409 	90.409 	95.620 	93.732 	96.195 	96.199 	94.589 	102.511 	97.639 	76.069 	87.184 	87.951 	87.951 	87.952 	: 
M,STK_EUE_DIR,NR,MD	: 	: 	: 	: 	: 	: 	: 	: 	: 	: 	: 	: 	: 	: 	: 	: 	: 	: 	: 	: 	: 	: 	: 	: 	: 	: 	: 	: 	: 	: 	: 	: 	: 	: 	: 	: 	: 	: 	: 	: 	: 	: 	: 	: 	: 	: 	: 	: 	: 	: 	: 	: 	: 	: 	: 	: 	: 	: 	: 	: 	: 	: 	: 	: 	: 	: 	: 	: 	: 	: 	: 	: 	: 	: 	: 	: 	: 	: 	: 	: 	: 	: 	: 	: 	: 	: 	: 	: 	: 	: 	: 	: 	: 	: 	: 	: 	0 	0 	0 	0 	0 	0 	0 	0 	0 	0 	0 	0 	0 	0 	0 	0 	0 	0 	0 	0 	0 	0 	0 	0 	0 	0 	0 	0 	0 	0 	0 	0 	0 	0 	0 	0 	0.000 	0.000 	0.000 	0.000 	0.000 	0.000 	0.000 	0.000 	0.000 	0.000 	0.000 	0.000 	0.000 	0.000 	0.000 	0.000 	0.000 	0.000 	0.000 	0.000 	0.000 	0.000 	0.000 	0.000 	0.000 	0.000 	0.000 	0.000 	0.000 	: 
M,STK_EUE_DIR,NR,ME	: 	: 	: 	: 	: 	: 	: 	: 	: 	: 	: 	: 	: 	: 	: 	: 	: 	: 	: 	: 	: 	: 	: 	: 	: 	: 	: 	: 	: 	: 	: 	: 	: 	: 	: 	: 	: 	: 	: 	: 	: 	: 	: 	: 	: 	: 	: 	: 	: 	: 	: 	: 	: 	: 	: 	: 	: 	: 	: 	: 	: 	: 	: 	: 	: 	: 	: 	: 	: 	: 	: 	: 	: 	: 	: 	: 	: 	: 	: 	: 	: 	: 	: 	: 	: 	: 	: 	: 	: 	: 	: 	: 	: 	: 	: 	: 	: 	: 	: 	: 	: 	: 	: 	: 	: 	: 	: 	: 	: 	: 	: 	: 	: 	: 	: 	: 	: 	: 	: 	: 	0.000 	0.000 	0.000 	0.000 	0.000 	0.000 	0.000 	0.000 	0.000 	0.000 	0.000 	0.000 	0.000 	0.000 	0.000 	0.000 	0.000 	0.000 	0.000 	0.000 	0.000 	0.000 	0.000 	0.000 	0.000 	0.000 	0.000 	0.000 	0.000 	0.000 	0.000 	0.000 	0.000 	0.000 	0.000 	0.000 	0.000 	0.000 	0.000 	0.000 	0.000 	0.000 
M,STK_EUE_DIR,NR,MK	: 	: 	: 	: 	: 	: 	: 	: 	: 	: 	: 	: 	: 	: 	: 	: 	: 	: 	: 	: 	: 	: 	: 	: 	: 	: 	: 	: 	: 	: 	: 	: 	: 	: 	: 	: 	: 	: 	: 	: 	: 	: 	: 	: 	: 	: 	: 	: 	: 	: 	: 	: 	: 	: 	: 	: 	: 	: 	: 	: 	: 	: 	: 	: 	: 	: 	: 	: 	: 	: 	: 	: 	: 	: 	: 	: 	: 	: 	: 	: 	: 	: 	: 	: 	: 	: 	: 	: 	: 	: 	: 	: 	: 	: 	: 	: 	0 	0 	0 	0 	0 	0 	0 	0 	0 	0 	0 	0 	0 	0 	0 	0 	0 	0 	0 	46 	46 	46 	46 	52 	52 	52 	53 	53 	53 	53 	49 	49 	49 	49 	49 	51 	50.656 	50.656 	50.656 	50.656 	50.656 	50.656 	51.397 	51.397 	51.397 	51.397 	51.397 	0.000 	0.000 	0.000 	0.000 	0.000 	0.000 	0.000 	0.000 	0.000 	0.000 	0.000 	0.000 	0.000 	0.000 	0.000 	0.000 	0.000 	0.000 	: 
M,STK_EUE_DIR,NR,MT	75 	75 	75 	85 	84 	84 	82 	82 	81 	83 	84 	83 	82 	82 	82 	86 	86 	86 	87 	86 	87 	87 	87 p	87 	94 	93 	94 	89 	90 	91 	90 	89 	91 	90 	90 	90 	90 	90 	90 	90 	90 	90 	90 	90 	90 	90 	90 	90 	90 	90 	90 	90 	90 	90 	90 	90 	90 	90 	90 	90 	90 	82 	82 	92 	92 	92 	84 	92 	92 	92 	92 	92 	104 p	104 	104 	84 	84 	84 	85 	86 	86 	88 	88 	88 	98 	98 	93 	98 	99 	99 	100 	100 	101 	100 	100 	100 	99 	100 	100 	100 	100 	100 	101 	100 	100 	100 	100 	100 	100 	100 	100 	100 	100 	101 	106 	106 	106 	106 	106 	106 	106 	106 	106 	106 	106 	106 	63 	80 	83 	87 	87 	87 	87 	87 	87 	87.413 	87.413 	87.413 	111.008 	104.881 	103.918 	104.881 	104.881 	107.730 	104.996 	104.992 	104.990 	104.970 	104.996 	104.999 	102.774 	102.947 	102.946 	102.937 	102.941 	102.941 	102.611 	102.611 	102.607 	102.638 	102.611 	: 
M,STK_EUE_DIR,NR,NL	178 p	162 p	160 p	121 p	122 p	123 p	118 p	114 p	115 p	108 p	112 p	108 p	112 p	112 p	118 p	118 p	113 p	113 p	112 p	112 p	111 	111 p	115 p	115 p	106 p	110 p	111 p	109 p	109 p	109 p	109 p	109 p	108 p	108 p	108 p	100 p	103 p	106 p	104 p	107 p	108 p	107 p	105 p	101 p	101 p	82 p	81 p	81 p	105 p	105 p	105 p	101 p	107 p	103 p	103 p	86 p	86 p	86 p	103 p	94 p	94 	94 	94 	97 	98 	97 	106 	103 	103 	103 	101 	99 	92 	92 	91 	82 	81 p	82 p	79 p	77 p	78 p	78 p	75 p	79 	95 	76 	97 	98 	103 	82 	80 	80 	77 	78 	78 	79 	78 	78 	78 	80 	78 	74 	92 	92 	98 	96 	96 	96 	98 	96 	93 	90 	89 	89 	87 	87 	90 	95 	99 p	97 p	105 	104 	113 	107 	105 	105 	107.638 	109 	109 	113 	114 	113 	105.864 	105.183 	105.951 	104.883 	102.488 	107.343 	101.067 	101.091 	102.857 	105.793 	105.793 	107.710 	101.637 	101.136 	101.136 	101.136 	95.874 	95.416 	99.265 	97.523 	99.265 	94.377 	95.740 	97.154 	98.835 	98.644 	96.446 	0.000 	: 	: 
M,STK_EUE_DIR,NR,NO	: 	: 	: 	: 	: 	: 	: 	: 	: 	: 	: 	: 	: 	: 	: 	: 	: 	: 	: 	: 	: 	: 	: 	: 	: 	: 	: 	: 	: 	: 	: 	: 	: 	: 	: 	: 	: 	: 	: 	: 	: 	: 	: 	: 	: 	: 	: 	: 	: 	: 	: 	: 	: 	: 	: 	: 	: 	: 	: 	: 	: 	: 	: 	: 	: 	: 	: 	: 	: 	: 	: 	: 	: 	: 	: 	: 	: 	: 	: 	: 	: 	: 	: 	: 	: 	: 	: 	: 	: 	: 	: 	: 	: 	: 	: 	: 	0 	0 	0 	0 	0 	0 	0 	0 	0 	0 	0 	0 	0 	0 	0 	0 	0 	0 	0 	0 	0 	0 	0 	0 	0 	0 	0 	0 	0 	0 	0 	0 	0 	0 	0 	0 	0 	0 	0 	0.000 	0.000 	0.000 	0.000 	0.000 	0.000 	0.000 	0.000 	0.000 	0.000 	0.000 	0.000 	0.000 	0.000 	0.000 	0.000 	0.000 	0.000 	0.000 	0.000 	0.000 	0.000 	0.000 	0.000 	0.000 	0.000 	: 
M,STK_EUE_DIR,NR,PL	96 	95 	93 	99 	98 	100 	101 	101 	101 	100 	100 	101 	100 	97 	96 	106 	105 	106 	108 	106 	106 	105 	105 	105 	98 	97 	97 	99 	97 	97 	97 	95 	95 	96 	96 	101 	97 	100 	103 	94 	93 	93 	93 	93 	94 	93 	95 	96 	95 	95 	98 	92 	92 	92 	93 	92 	92 	93 	93 	92 	91 	91 	105 	94 	94 	94 	94 	94 	94 	94 	95 	95 	91 	91 	95 	91 	85 	84 	84 	82 	83 	85 	88 	92 	90 	91 	91 	90 	90 	92 	90 	90 	91 	91 	90 	91 	91 	91 	91 	91 	91 	88 	94 	94 	95 	94 	95 	98 	98 	97 	97 	97 	96 	95 	94 p	93 	94 	94 	94 	95 	97 	97 	101 	103 	103 	106 	106 	107 	104 	99 	100 	100 	91 	92 	92.219 	92.216 	92.681 	102.080 	94.293 	94.299 	96.527 	96.474 	96.461 	96.479 	93.414 	93.427 	93.507 	93.786 	93.755 	93.636 	92.945 	92.802 	92.522 	89.902 	89.707 	90.624 	91.554 	91.551 	91.479 	91.461 	91.488 	: 
M,STK_EUE_DIR,NR,PT	126 	130 	123 	125 	118 	118 	119 	115 	123 	125 	116 	94 	99 	100 	106 	92 	91 	93 	91 	91 	90 	91 	90 	90 	91 	91 	92 	95 	96 	90 	93 	95 	94 	92 	98 	96 	92 	90 	93 	95 p	95 	95 	95 	103 	101 	98 	100 	98 	99 	102 p	99 p	96 	94 	94 	93 	93 	93 	94 	94 	94 	93 	93 	93 	101 	101 	101 	99 	100 	98 	98 	97 	97 	99 	99 	99 	101 	101 	102 	101 	101 	100 	100 	98 	94 	96 	96 	97 	97 	96 	96 	91 	91 	91 	92 	92 	92 	93 	93 	92 	93 	94 	94 	94 	94 	94 	90 	92 	92 	93 	92 	92 	93 	92 	92 	96 	91 	92 	97 	97 	98 	96 	96 	92 	96 	94 	94 	90 	91 	90 	90 	90 	90 	94 	91 	91 	90.398 	92.427 	95.101 	96.808 	96.742 	97.072 	96.696 	96.740 	96.851 	93.603 	93.489 	93.470 	92.644 	92.635 	92.656 	95.327 	92.966 	93.021 	93.880 	93.950 	93.928 	91.866 	92.310 	91.774 	90.988 	87.684 	: 
M,STK_EUE_DIR,NR,RO	67 	67 	67 	69 	69 	69 	69 	69 	69 	69 	69 	69 	45 	45 	45 	45 	45 	43 	45 	45 	43 	36 	45 	62 	59 p	62 	61 	60 	60 	61 	61 	62 	59 	59 	59 	61 	59 	60 	60 	59 	59 	59 	59 	59 	59 	59 	59 	59 	60 	60 	60 	57 	57 	57 	57 	57 	57 	57 	57 	58 	61 	61 	61 	83 	83 	83 	83 	83 	83 	83 	83 	83 	87 	87 	87 	84 	84 	84 	84 	84 	84 	84 	84 	84 	85 	85 	85 	85 	85 	85 	84 	84 	84 	84 	84 	84 	87 	87 	87 	87 	87 	87 	83 	83 	83 	83 	83 	83 	85 	85 	85 	85 	85 	85 	76 	74 	74 	74 	74 	74 	84 	86 	94 	95 	97 	96 	90 	95 	95 	97 	99 	95 	90 	90 	90.937 	90.713 	90.649 	90.915 	90.300 	90.320 	90.849 	90.430 	90.140 	91.607 	92.354 	92.082 	91.588 	91.739 	91.800 	91.991 	94.558 	97.434 	98.408 	93.975 	92.045 	92.055 	92.322 	92.131 	90.765 	91.061 	: 	: 
M,STK_EUE_DIR,NR,RS	: 	: 	: 	: 	: 	: 	: 	: 	: 	: 	: 	: 	: 	: 	: 	: 	: 	: 	: 	: 	: 	: 	: 	: 	: 	: 	: 	: 	: 	: 	: 	: 	: 	: 	: 	: 	: 	: 	: 	: 	: 	: 	: 	: 	: 	: 	: 	: 	: 	: 	: 	: 	: 	: 	: 	: 	: 	: 	: 	: 	: 	: 	: 	: 	: 	: 	: 	: 	: 	: 	: 	: 	: 	: 	: 	: 	: 	: 	: 	: 	: 	: 	: 	: 	0 	0 	0 	0 	0 	0 	0 	0 	0 	0 	0 	0 	0 	0 	0 	0 	0 	0 	0 	0 	0 	0 	0 	0 	0 	0 	0 	0 	0 	0 	0 	0 	0 	0 	0 	0 	46 	47 	47 	47 	47 	47 	41 	42 	42 	42 	42 	42 	41.716 	41.714 	41.713 	41.723 	41.708 	41.705 	41.047 	41.042 	41.037 	41.040 	41.164 	41.200 	42.339 	43.762 	43.965 	43.965 	43.964 	43.957 	43.763 	43.762 	43.765 	44.167 	44.962 	50.691 	53.355 	59.176 	61.520 	56.646 	56.761 	: 
M,STK_EUE_DIR,NR,SE	70 p	76 p	75 p	85 p	81 p	83 p	87 p	86 p	83 p	83 p	83 p	84 p	83 p	82 p	85 p	96 p	96 p	97 p	94 p	94 p	91 p	94 p	95 p	95 p	95 p	95 p	96 p	95 p	95 p	94 p	98 p	99 p	95 p	94 p	93 	95 	101 p	98 	100 	111 	113 p	110 	107 	110 	107 	111 	113 	110 p	114 	115 	118 	96 	93 	95 	102 	100 	102 	92 	95 p	99 p	93 p	97 p	94 p	118 	116 p	111 p	116 p	112 	111 	110 	111 	112 	106 	112 	114 	106 p	102 	100 	105 p	101 	105 	100 	95 	93 	104 	102 	100 	101 	101 	101 	108 	106 	108 	107 	110 	102 	105 	105 	108 	104 	106 	106 	128 	128 	131 	128 	130 	129 	129 	132 	126 	126 	128 	124 	109 	111 	111 	112 	113 	113 	113 	110 	119 	110 	110 	111 	114 	99 	112 	116 	110 	112 	112 	113.889 	108.080 	114.212 	106.285 	117.298 	115.754 	110.543 	113.629 	118.281 	114.522 	112.129 	96.204 	96.052 	101.109 	101.684 	107.479 	108.194 	100.020 	105.300 	103.571 	114.659 	109.370 	: 	111.463 	105.717 	112.832 	103.734 	102.055 	: 
M,STK_EUE_DIR,NR,SI	91 	91 	93 	100 	99 	98 	96 	97 	96 	96 	96 	96 	96 	95 	94 	104 	104 	104 	103 	102 	101 	98 	96 	99 	100 	104 	104 	97 	96 	95 	97 	95 	94 	93 	92 	92 	95 	99 	99 	97 	97 	96 	95 	93 	91 	91 	91 	91 	91 	93 	93 	97 	97 	97 	101 	101 	98 	95 	96 	97 	92 	93 	93 	95 	93 	94 	93 	93 	94 	94 	94 	96 	96 	96 	96 	97 	97 	96 	97 	96 	96 	96 	96 	99 	99 	98 	98 	88 	87 	88 	97 	97 	96 	94 	95 	98 	94 	95 	95 	95 	95 	95 	107 	107 	107 	107 	104 	104 	105 	107 	104 	102 	101 	101 	93 	93 	93 	93 	95 	98 	97 	96 	95 	93 	93 	97 	95 	95 	95 	95 	95 	95 	95 	95 	94 	94.141 	94.141 	92.888 	103.007 	103.007 	104.265 	104.265 	102.288 	98.512 	99.232 	103.546 	103.546 	100.849 	100.849 	100.849 	104.548 	105.834 	105.099 	103.629 	102.527 	103.813 	102.527 	104.732 	102.159 	102.159 	102.159 	: 
M,STK_EUE_DIR,NR,SK	101 	101 	101 	95 	95 	95 	95 	95 	95 	96 	96 	96 	96 	96 	94 	95 	95 	95 	95 	95 	95 	95 	97 	97 	97 	97 	104 	97 	97 	97 	97 	97 	97 	97 	97 	97 	97 	97 	97 	95 	95 	95 	95 	95 	95 	95 	95 	95 	94 	93 	95 	90 	90 	90 	90 	90 	91 	91 	91 	91 	91 	91 	91 	101 	101 	101 	101 	101 	101 	101 	101 	101 	101 	101 	101 	93 	93 	93 	93 	93 	93 	93 	93 	93 	93 	93 	93 	93 	93 	93 	104 	104 	100 	100 	100 	96 	96 	96 	96 	96 	96 	96 	108 	108 	108 	108 	108 	108 	108 	108 	108 	108 	108 	104 	98 	98 	98 	98 	98 	98 	100 	101 	101 	101 	101 	101 p	97 	97 	97 	97 	97 	97 	97.109 	97.109 	97.109 	97.109 	97.109 	97.109 	96.010 	96.010 	96.010 	96.010 	96.010 	95.831 	95.830 	95.830 	95.830 	95.830 	95.830 	95.830 	90.214 	90.214 	90.214 	90.214 	90.214 	90.214 	90.201 	90.201 	86.229 	90.201 	90.201 	: 
M,STK_EUE_DIR,NR,TR	: 	: 	: 	: 	: 	: 	: 	: 	: 	: 	: 	: 	: 	: 	: 	: 	: 	: 	: 	: 	: 	: 	: 	: 	: 	: 	: 	: 	: 	: 	: 	: 	: 	: 	: 	: 	: 	: 	: 	: 	: 	: 	: 	: 	: 	: 	: 	: 	: 	: 	: 	: 	: 	: 	: 	: 	: 	: 	: 	: 	: 	: 	: 	: 	: 	: 	: 	: 	: 	: 	: 	: 	: 	: 	: 	: 	: 	: 	: 	: 	: 	: 	: 	: 	: 	: 	: 	: 	: 	: 	: 	: 	: 	: 	: 	: 	0 	0 	0 	0 	0 	0 	0 	0 	0 	0 	0 	0 	0 	0 	0 	0 	0 	0 	0 	0 	0 	0 	0 	0 	0.000 	0 	0 	0.000 	0.000 	0.000 	0 	0.000 	0.000 	0.000 	0.000 	0.000 	0 	0 	0.000 	0.000 	0.000 	0.000 	0.000 	0.000 	0.000 	0.000 	0.000 	0.000 	0.000 	0.000 	0.000 	0.000 	0.000 	0.000 	0.000 	0.000 	0.000 	0.000 	0.000 	0.000 	: 	: 	0.000 	0.000 	0.000 	: 
M,STK_EUE_DIR,NR,UK	60 	59 	59 	60 	60 	60 	61 	61 	60 	61 	61 	60 	60 	60 	60 	60 	61 	61 	60 	60 	61 	60 	60 	60 	60 	61 	60 	60 	60 	59 	60 	60 	60 	61 	61 	61 	59 	60 	61 	61 	62 	62 	61 	61 p	61 p	61 	61 p	60 p	62 	62 	62 	60 	60 	60 	61 	60 	61 	62 p	62 p	61 	61 	61 	61 	60 	60 	60 	60 	59 	61 	61 	59 	62 	62 	62 	61 	63 	66 	64 	64 	63 p	64 p	63 	63 	65 	59 	: 	66 	66 	65 	65 	64 	63 	63 	61 	: 	: 	: 	: 	: 	: 	: 	: 	: 	: 	: 	: 	: 	: 	: 	: 	: 	: 	: 	: 	: 	: 	: 	: 	: 	: 	: 	: 	: 	: 	: 	: 	: 	: 	: 	: 	: 	: 	: 	: 	: 	: 	: 	: 	: 	: 	: 	: 	: 	: 	: 	: 	: 	: 	: 	: 	: 	: 	: 	: 	: 	: 	: 	: 	: 	: 	: 	: 
M,STK_EUE_DNY_MTH,NR,AT	2 	2 	2 	2 	2 	2 	2 	2 	2 	2 	2 	2 	2 	2 	2 	2 	2 	2 	2 	2 	2 	2 	2 	2 	2 	2 	2 	2 	2 	2 	2 	2 	2 	2 	2 	2 	2 	2 	2 	2 	2 	2 	2 	2 	2 	2 	2 	2 	2 	2 	2 	2 	2 	2 	2 	2 	2 	2 	2 	2 	2 	2 	2 	2 	2 	2 	2 	2 	2 	2 	2 	2 	2 	2 	2 	2 	2 	2 	2 	2 	2 	3 	3 	3 	3 	3 	3 	3 	3 	3 	3 	3 	3 	3 	3 	3 	3 	3 	3 	3 	3 	3 	3 	3 	3 	3 	3 	3 	3 	3 	3 	3 	3 	3 	3 	3 	3 	3 	3 	3 	3 	3 	3 	3 	3 	3 	3 	3 	3 	3 	3 	3 	3 	3 	3.000 	3.000 	3.000 	3.000 	3.000 	3.000 	3.000 	3.000 	3.000 	3.000 	3.000 	3.000 	3.000 	3.000 	3.000 	3.000 	3.000 	3.000 	3.000 	3.000 	3.000 	3.000 	3.000 	3.000 	3.000 	3.000 	3.000 	3.000 
M,STK_EUE_DNY_MTH,NR,BE	1 	1 	1 	1 	1 	1 	1 	1 	1 	1 	1 	1 	1 	1 	1 	2 	2 	2 	2 	2 	2 	2 	2 	2 	2 	2 	2 	2 	2 	2 	2 	2 	2 	2 	2 	2 	2 	2 	2 	1 	1 	1 	1 	1 	1 	1 	1 	1 	1 	1 	1 	2 	2 	2 	2 	2 	2 	2 	2 	2 	2 	2 	2 	1 	1 	1 	1 	1 	1 	1 	1 	1 	1 	1 	1 	2 	2 	2 	2 	2 	2 	2 	2 	2 	3 	3 	3 	3 	3 	3 	3 	3 	3 	3 	3 	3 	3 	3 	3 	3 	3 	3 	3 	3 	3 	3 	3 	3 	3 	3 	3 	3 	3 	3 	3 	3 	3 	3 	3 	3 	3 	3 	3 	3 	3 	3 	3 	3 	3 	3 	3 	3 	3 	3 	3 	3 	3.000 	3.000 	3.000 	3.000 	3.000 	3.000 	3.000 	3.000 	3.000 	3.000 	3.000 	3.000 	3.000 	3.000 	3.000 	3.000 	3.000 	3.000 	3.000 	3.000 	3.000 	3.000 	3.000 	3.000 	3.000 	3.000 
M,STK_EUE_DNY_MTH,NR,BG	1 	1 	1 	1 	1 	1 	1 	1 	1 	1 	1 	1 	1 	1 	1 	1 	1 	1 	1 	1 	1 	1 	1 	1 	1 	1 	1 	1 	1 	1 	1 	1 	1 	1 	1 	1 	1 	1 	1 	1 	1 	1 	1 	1 	1 	1 	1 	1 	1 	1 	1 	1 	1 	1 	1 	1 	1 	1 	1 	1 	1 	1 	1 	1 	1 	1 	1 	1 	1 	1 	1 	1 	1 	1 	1 	1 	1 	1 	1 	1 	1 	1 	1 	1 	2 	2 	2 	2 	2 	2 	2 	2 	2 	2 	2 	2 	2 	2 	2 	2 	2 	2 	2 	2 	2 	2 	2 	2 	2 	2 	2 	2 	2 	2 	2 	2 	2 	2 	2 	2 	2 	2 	2 	2 	2 	2 	2 	2 	2 	2 	2 	2 	2 	2 	2 	2 	2.000 	2.000 	2.000 	2.000 	2.000 	2.000 	2.000 	2.000 	2.000 	2.000 	2.000 	2.000 	2.000 	2.000 	2.000 	2.000 	2.000 	2.000 	2.000 	2.000 	2.000 	2.000 	2.000 	2.000 	2.000 	2.000 
M,STK_EUE_DNY_MTH,NR,CY	1 	1 	1 	1 	1 	1 	1 	1 	1 	1 	1 	1 	1 	1 	1 	1 	1 	1 	1 	1 	1 	1 	1 	1 	1 	1 	1 	1 	1 	1 	1 	1 	1 	1 	1 	1 	1 	1 	1 	1 	1 	1 	1 	1 	1 	1 	1 	1 	1 	1 	1 	1 	1 	1 	1 	1 	1 	1 	1 	1 	1 	1 	1 	1 	1 	1 	1 	1 	1 	1 	1 	1 	1 	1 	1 	1 	1 	1 	1 	1 	1 	1 	1 	1 	3 	3 	3 	3 	3 	3 	3 	3 	3 	3 	3 	3 	1 	1 	1 	1 	1 	1 	1 	1 	1 	1 	1 	1 	1 	1 	1 	1 	1 	1 	1 	1 	1 	1 	1 	1 	1 	1 	1 	1 	1 	1 	1 	1 	1 	1 	1 	1 	1 	1 	1 	1.000 	1.000 	1.000 	1.000 	1.000 	1.000 	1.000 	1.000 	1.000 	1.000 	1.000 	1.000 	1.000 	1.000 	1.000 	1.000 	1.000 	1.000 	1.000 	1.000 	1.000 	1.000 	1.000 	1.000 	1.000 	1.000 	1.000 
M,STK_EUE_DNY_MTH,NR,CZ	2 	2 	2 	2 	2 	2 	2 	2 	2 	2 	2 	2 	2 	2 	2 	2 	2 	2 	2 	2 	2 	2 	2 	2 	2 	2 	2 	2 	2 	2 	2 	2 	2 	2 	2 	2 	2 	2 	2 	2 	2 	2 	2 	2 	2 	2 	2 	2 	2 	2 	2 	1 	1 	1 	1 	1 	1 	1 	1 	1 	1 	1 	1 	2 	2 	2 	2 	2 	2 	2 	2 	2 	2 	2 	2 	2 	2 	2 	2 	2 	2 	2 	2 	2 	3 	3 	3 	3 	3 	3 	3 	3 	3 	3 	3 	3 	3 	3 	3 	3 	3 	3 	3 	3 	3 	3 	3 	3 	3 	3 	3 	3 	3 	3 	3 	3 	3 	3 	3 	3 	3 	3 	3 	3 	3 	3 	3 	3 	3 	3 	3 	3 	3 	3 	3 	3.000 	3.000 	3.000 	3.000 	3.000 	3.000 	3.000 	3.000 	3.000 	3.000 	3.000 	3.000 	3.000 	3.000 	3.000 	3.000 	3.000 	3.000 	3.000 	3.000 	3.000 	3.000 	3.000 	3.000 	3.000 	3.000 	: 
M,STK_EUE_DNY_MTH,NR,DE	1 	1 	1 	2 	2 	2 	2 	2 	2 	2 	2 	2 	2 	2 	2 	2 	2 	2 	2 	2 	2 	2 	2 	2 	2 	2 	2 	2 	2 	2 	2 	2 	2 	2 	2 	2 	2 	2 	2 	2 	2 	2 	2 	2 	2 	2 	2 	2 	2 	2 	2 	2 	2 	2 	2 	2 	2 	2 	2 	2 	2 	2 	2 	2 	2 	2 	2 	2 	2 	2 	2 	2 	3 	3 	3 	1 	1 	1 	1 	1 	1 	1 	1 	1 	1 	1 	1 	1 	1 	1 	2 	2 	2 	2 	2 	2 	2 	2 	2 	2 	2 	2 	2 	2 	2 	2 	2 	2 	2 	2 	2 	2 	2 	2 	2 	2 	2 	2 	2 	2 	2.000 	2.000 	2.000 	2.000 	2.000 	2.000 	2.000 	2.000 	2.000 	2.000 	2.000 	2.000 	2.000 	2.000 	2.000 	2.000 	2.000 	2.000 	2.000 	2.000 	2.000 	2.000 	2.000 	2.000 	2.000 	2.000 	2.000 	2.000 	2.000 	2.000 	2.000 	2.000 	2.000 	2.000 	2.000 	2.000 	1.000 	1.000 	1.000 	1.000 	1.000 	: 
M,STK_EUE_DNY_MTH,NR,DK	: 	: 	: 	: 	: 	: 	: 	: 	: 	: 	: 	: 	: 	: 	: 	: 	: 	: 	: 	: 	: 	: 	: 	: 	: 	: 	: 	: 	: 	: 	: 	: 	: 	: 	: 	: 	: 	: 	: 	: 	: 	: 	: 	: 	: 	: 	: 	: 	: 	: 	: 	: 	: 	: 	: 	: 	: 	: 	: 	: 	: 	: 	: 	: 	: 	: 	: 	: 	1 	1 	1 	1 	1 	1 	1 	1 	1 	1 	1 	1 	1 	1 	1 	1 	1 	1 	1 	1 	1 	1 	1 	1 	1 	1 	1 	1 	1 	1 	1 	1 	1 	1 	1 	1 	1 	1 	1 	1 	1 	1 	1 	1 	1 	1 	1 	1 	1 	1 	1 	1 	1 	1 	1 	1 	1 	1 	1 	1 	1 	1 	1 	1 	1.000 	1.000 	1.000 	1.000 	1.000 	1.000 	1.000 	1.000 	1.000 	1.000 	1.000 	1.000 	1.000 	1.000 	1.000 	1.000 	1.000 	1.000 	1.000 	1.000 	1.000 	1.000 	1.000 	1.000 	1.000 	1.000 	1.000 	1.000 	1.000 	: 
M,STK_EUE_DNY_MTH,NR,EE	: 	: 	: 	: 	: 	: 	: 	: 	: 	: 	: 	: 	: 	: 	: 	: 	: 	: 	: 	1 	1 	1 	1 	1 	1 	1 	1 	: 	: 	: 	: 	: 	: 	: 	: 	: 	: 	: 	: 	: 	: 	: 	: 	: 	: 	: 	: 	: 	: 	: 	: 	: 	: 	: 	: 	: 	: 	: 	: 	: 	: 	: 	: 	: 	: 	: 	: 	: 	: 	: 	: 	: 	: 	: 	: 	: 	: 	: 	: 	: 	: 	: 	: 	1 	1 	1 	1 	1 	1 	1 	1 	1 	1 	1 	1 	1 	1 	1 	1 	1 	1 	1 	1 	1 	1 	1 	1 	1 	1 	1 	1 	1 	1 	1 	1 	1 	1 	1 	1 	1 	1 	1 	1 	1 	1 	1.000 	1.000 	1.000 	1.000 	1.000 	1.000 	1.000 	1.000 	1.000 	1.000 	1.000 	1.000 	1.000 	1.000 	1.000 	1.000 	1.000 	1.000 	1.000 	1.000 	1.000 	1.000 	1.000 	1.000 	1.000 	1.000 	1.000 	1.000 	1.000 	1.000 	1.000 	1.000 	1.000 	1.000 	1.000 	1.000 	: 
M,STK_EUE_DNY_MTH,NR,EL	1 	1 	1 	1 	1 	1 	1 	1 	1 	1 	1 	1 	1 	1 	1 	1 	1 	1 	1 	1 	1 	1 	1 	1 	1 	1 	1 	1 	1 	1 	1 	1 	1 	1 	1 	1 	1 	1 	1 	1 	1 	1 	1 	1 	1 	1 	1 	1 	1 	1 	1 	1 	1 	1 	1 	1 	1 	1 	1 	1 	1 	1 	1 	1 	1 	1 	1 	1 	1 	1 	1 	1 	1 	1 	1 	: 	: 	: 	: 	: 	: 	: 	: 	: 	1 	1 	1 	1 	1 	1 	1 	1 	1 	1 	1 	1 	1 	1 	1 	1 	1 	1 	1 	1 	1 	1 	1 	1 	1 	1 	1 	1 	1 	1 	1 p	1 	1 	1 	1 	1 	1 	1 	1 	1 	1 	1 	1 	1 	1 	1 	1 	1 	1 	1.000 	1.000 	1.000 	1.000 	1.000 	1.000 	1.000 	1.000 	1.000 	1.000 	1.000 	1.000 	1.000 	1.000 	1.000 	1.000 	1.000 	1.000 	1.000 	1.000 	1.000 	1.000 	1.000 	1.000 	1.000 	1.000 	1.000 	1.000 	: 
M,STK_EUE_DNY_MTH,NR,ES	1 	1 	1 	1 	1 	1 	1 	1 	1 	1 	1 	1 	1 	1 	1 	1 	1 	1 	1 	1 	1 	1 	1 	1 	1 	1 	1 	1 	1 	1 	1 	1 	1 	1 	1 	1 	1 	1 	1 	1 	1 	1 	1 	1 	1 	1 	1 	1 	1 	1 	1 	1 	1 	1 	1 	1 	1 	1 	1 	1 	1 	1 	1 	1 	1 	1 	1 	1 	1 	1 	1 	1 	1 	1 	1 	1 	1 	1 	1 	1 	1 	1 	1 	1 	1 	1 	1 	1 	1 	1 	1 	1 	1 	1 	1 	1 	1 	1 	1 	1 	1 	1 	1 	1 	1 	1 	1 	1 	1 	1 	1 	1 	1 	1 	1 	1 	1 	1 	1 	1 	1.000 	1.000 	1.000 	1.000 	1.000 	1.000 	1.000 	1.000 	1.000 	1.000 	1.000 	1.000 	1.000 	1.000 	1.000 	1.000 	1.000 	1.000 	1.000 	1.000 	1.000 	1.000 	1.000 	1.000 	1.000 	1.000 	1.000 	1.000 	1.000 	1.000 	1.000 	1.000 	1.000 	1.000 	1.000 	1.000 	1.000 	1.000 	1.000 	1.000 	1.000 	: 
M,STK_EUE_DNY_MTH,NR,FI	1 	1 	1 	1 	1 	1 	1 	1 	1 	1 	1 	1 	1 	1 	1 	1 	1 	1 	1 	1 	1 	1 	1 	1 	1 	1 	1 	1 	1 	1 	1 	1 	1 	1 	1 	1 	1 	1 	1 	1 	: 	1 	1 	1 	1 	1 	1 	1 	1 	1 	1 	1 	1 	1 	1 	1 	1 	1 	1 	1 	1 	1 	1 	1 	1 	1 	1 	1 	1 	1 	1 	1 	1 	1 	1 	1 	1 	1 	1 	1 	1 	1 	1 	1 	1 	1 	1 	1 	1 	1 	1 	1 	1 	1 	1 	1 	1 	1 	1 	1 	1 	1 	1 	1 	1 	1 	1 	1 	1 	1 	1 	1 	1 	1 	1 	1 	1 	1 	1 	1 	1 	1 	1 	1 	1 	1 	1 	1 	1 	1 	1 	1 	1 	1 	1 	1 	1.000 	1.000 	1.000 	1.000 	1.000 	1.000 	1.000 	1.000 	1.000 	1.000 	1.000 	1.000 	1.000 	1.000 	1.000 	1.000 	1.000 	: 	: 	1.000 	1.000 	1.000 	1.000 	1.000 	: 	1.000 
M,STK_EUE_DNY_MTH,NR,FR	2 	2 	2 	1 	1 	1 	1 	1 	1 	1 	1 	1 	1 	1 	1 	2 	2 	2 	2 	2 	2 	2 	2 	2 	2 	2 	2 	2 	2 	2 	2 	2 	2 	2 	2 	2 	2 	2 	2 	2 	2 	2 	2 	2 	2 	2 	2 	2 	2 	2 	2 	2 	2 	2 	2 	2 	2 	2 	2 	2 	2 	2 	2 	3 	3 	3 	3 	3 	3 	3 	3 	3 	3 	3 	3 	2 	2 	2 	2 	2 	2 	2 	2 	2 	3 	3 	3 	3 	3 	3 	3 	3 	3 	3 	1 	3 	3 	3 	3 	3 	3 	3 	3 	3 	3 	3 	3 	3 	3 	3 	3 	3 	3 	3 	3 	3 	3 	3 	3 	3 	3 	3 	3 	3 	3 	3 	3 	3 	3 	3 	3 	3 	3 	3 	3 	3.000 	3.000 	3.000 	3.000 	3.000 	3.000 	3.000 	3.000 	3.000 	3.000 	3.000 	3.000 	3.000 	3.000 	3.000 	3.000 	3.000 	3.000 	3.000 	3.000 	3.000 	3.000 	3.000 	3.000 	1.000 	1.000 	: 
M,STK_EUE_DNY_MTH,NR,HR	1 	1 	1 	1 	1 	1 	1 	1 	1 	1 	1 	1 	1 	1 	1 	1 	1 	1 	1 	1 	1 	1 	1 	1 	1 	1 	1 	1 	1 	1 	1 	1 	1 	1 	1 	1 	1 	1 	1 	1 	1 	1 	1 	1 	1 	1 	1 	1 	1 	1 	1 	1 	1 	1 	1 	1 	1 	1 	1 	1 	1 	1 	1 	1 	1 	1 	1 	1 	1 	1 	1 	1 	1 	1 	1 	1 	1 	1 	1 	1 	1 	1 	1 	1 	1 	1 	1 	1 	1 	1 	1 	1 	1 	1 	1 	1 	1 	1 	1 	1 	1 	1 	1 	1 	1 	1 	1 	1 	1 	1 	1 	1 	1 	1 	1 	1 	1 	1 	1 	1 	1 	1 	1 	1 	1 	1 	1 	1 	1 	1 	1 	1 	1 	1 	1 	1.000 	1.000 	1.000 	1.000 	1.000 	1.000 	1.000 	1.000 	1.000 	1.000 	1.000 	1.000 	1.000 	1.000 	1.000 	1.000 	1.000 	1.000 	1.000 	1.000 	1.000 	1.000 	1.000 	1.000 	1.000 	1.000 	1.000 
M,STK_EUE_DNY_MTH,NR,HU	2 	2 	2 	2 	2 	2 	2 	2 	2 	2 	2 	2 	2 	2 	2 	2 	2 	2 	2 	2 	2 	2 	2 	2 	2 	2 	2 	1 	1 	1 	1 	1 	1 	1 	1 	1 	1 	1 	1 	2 	2 	2 	2 	2 	2 	2 	2 	2 	2 	2 	2 	2 	2 	2 	2 	2 	2 	2 	2 	2 	2 	2 	2 	2 	2 	2 	2 	2 	2 	2 	2 	2 	3 	3 	3 	3 	3 	3 	3 	3 	3 	3 	3 	3 	3 	3 	3 	3 	3 	3 	3 	3 	3 	3 	3 	3 	3 	3 	3 	3 	3 	3 	3 	3 	3 	3 	3 	3 	3 	3 	3 	3 	3 	3 	3 	3 	3 	3 	3 	3 	3 	3 	3 	3 	3 	3 	3 	3 	3 	3 	3 	3 	3 	3 	3 	3.000 	3.000 	3.000 	3.000 	3.000 	3.000 	3.000 	3.000 	3.000 	3.000 	3.000 	3.000 	3.000 	3.000 	3.000 	3.000 	3.000 	3.000 	3.000 	3.000 	3.000 	3.000 	3.000 	3.000 	3.000 	3.000 	: 
M,STK_EUE_DNY_MTH,NR,IE	: 	: 	: 	1 	1 	1 	1 	1 	1 	: 	1 	1 	1 	1 	1 	1 	1 	1 	1 	1 	1 	1 	1 	1 	1 	1 	1 	1 	1 	1 	1 	1 	1 	1 	1 	1 	1 	1 	1 	1 	1 	1 	1 	1 	1 	1 	1 	1 	1 	1 	1 	1 	1 	1 	1 	1 	1 	1 	1 	1 	1 	1 	1 	1 	1 	1 	1 	1 	1 	1 	1 	1 	1 	1 	1 	1 	1 	1 	1 	1 	1 	1 	1 	1 	1 	1 	1 	1 	1 	1 	1 	1 	1 	1 	1 	1 	1 	1 	1 	1 	1 	1 	1 	1 	1 	1 	1 	1 	1 	1 	1 	1 	1 	1 	1 p	1 p	1 p	1 	1 	1 	1 	1 	1 	1 	1 	1 	1 	1 	1 	1 	1 	1 	1 	1 	1 	1.000 	1.000 	1.000 	1.000 	1.000 	1.000 	1.000 	1.000 	1.000 	1.000 	1.000 	1.000 	1.000 	1.000 	1.000 	1.000 	1.000 	1.000 	1.000 	1.000 	1.000 	1.000 	1.000 	1.000 	1.000 	1.000 	: 
M,STK_EUE_DNY_MTH,NR,IT	1 	1 	1 	1 	1 	1 	1 	1 	1 	1 	1 	1 	1 	1 	1 	1 	1 	1 	1 	1 	1 	1 	1 	1 	1 	1 	1 	1 	1 	1 	1 	1 	1 	1 	1 	1 	1 	1 	1 	1 	1 	1 	1 	1 	1 	1 	1 	1 	1 	1 	1 	1 	1 	1 	1 	1 	1 	1 	1 	1 	1 	1 	1 	2 	2 	2 	2 	2 	2 	2 	2 	2 	2 	2 	2 	2 	2 	2 	2 	2 	2 	2 	2 	2 	3 	3 	3 	3 	3 	3 	2 	2 	2 	2 	2 	2 	2 	2 	2 	2 	2 	2 	3 	3 	3 	3 	3 	3 	3 	3 	3 	3 	3 	3 	3 	3 	3 	3 	3 	3 	3 	3 	3 	3 	3 	3 	2 p	2 	2 	2 	2 	2 	2.000 	2.000 	2.000 	2.000 	2.000 	2.000 	2.000 	2.000 	2.000 	2.000 	2.000 	2.000 	2.000 	2.000 	2.000 	2.000 	2.000 	2.000 	2.000 	2.000 	2.000 	2.000 	2.000 	2.000 	2.000 	2.000 	2.000 	2.000 	2.000 	: 
M,STK_EUE_DNY_MTH,NR,LT	1 	1 	1 	1 	1 	1 	1 	1 	1 	1 	1 	1 	1 	1 	1 	1 	1 	1 	1 	1 	1 	1 	1 	1 	1 	1 	1 	1 	1 	1 	1 	1 	1 	1 	1 	1 	1 	1 	1 	1 	1 	1 	1 	1 	1 	1 	1 	1 	1 	1 	1 	1 	1 	1 	1 	1 	1 	1 	1 	1 	1 	1 	1 	1 	1 	1 	1 	1 	1 	1 	1 	1 	1 	1 	1 	1 	1 	1 	1 	1 	1 	1 	1 	1 	1 	1 	1 	1 	1 	1 	1 	1 	1 	1 	1 	1 	1 	1 	1 	1 	1 	1 	1 	1 	1 	1 	1 	1 	1 	1 	1 	1 	1 	1 	1 	1 	1 	1 	1 	1 	1 	1 	1 	1 	1 	1 	1 	1 	1 	1 	1 	1 	1 	1 	1 	1.000 	1.000 	1.000 	1.000 	1.000 	1.000 	1.000 	1.000 	1.000 	1.000 	1.000 	1.000 	1.000 	1.000 	1.000 	1.000 	1.000 	1.000 	1.000 	1.000 	1.000 	1.000 	1.000 	1.000 	1.000 	1.000 	: 
M,STK_EUE_DNY_MTH,NR,LU	1 	1 	1 	1 	1 	1 	1 	1 	1 	1 	1 	1 	1 	1 	1 	1 	1 	1 	1 	1 	1 	1 	1 	1 	1 	1 	1 	1 	1 	1 	1 	1 	1 	1 	1 	1 	1 	1 	1 	1 	1 	1 	1 	1 	1 	1 	1 	1 	1 	1 	1 	1 	1 	1 	1 	1 	1 	1 	1 	1 	1 	1 	1 	1 	1 	1 	1 	1 	1 	1 	1 	1 	1 	1 	1 	1 	1 	1 	1 	1 	1 	1 	1 	1 	1 	1 	1 	1 	1 	1 	1 	1 	1 	1 	1 	1 	1 	1 	1 	1 	1 	1 	1 	1 	1 	1 	1 	1 	1 	1 	1 	1 	1 	1 	1 	1 	1 	1 	1 	1 	1 	1 	1 	1 	1 	1 	1 	1 	1 	1 	1 	1 	1.000 	1.000 	1.000 	1.000 	1.000 	1.000 	1.000 	1.000 	1.000 	1.000 	1.000 	1.000 	1.000 	1.000 	1.000 	1.000 	1.000 	1.000 	1.000 	1.000 	1.000 	1.000 	1.000 	1.000 	1.000 	1.000 	1.000 	1.000 	1.000 	: 
M,STK_EUE_DNY_MTH,NR,LV	1 	1 	1 	1 	1 	1 	1 	1 	1 	1 	1 	1 	1 	1 	1 	1 	1 	1 	1 	1 	1 	1 	1 	1 	1 	1 	1 	1 	1 	1 	1 	1 	1 	1 	1 	1 	1 	1 	1 	1 	1 	1 	1 	1 	1 	1 	1 	1 	1 	1 	1 	1 	1 	1 	1 	1 	1 	1 	1 	1 	1 	1 	1 	1 	1 	1 	1 	1 	1 	1 	1 	1 	1 	1 	1 	1 	1 	1 	1 	1 	1 	1 	1 	1 	1 	1 	1 	1 	1 	1 	1 	1 	1 	1 	1 	1 	1 	1 	1 	1 	1 	1 	1 	1 	1 	1 	1 	1 	1 	1 	1 	1 	1 	1 	1 	1 	1 	1 	1 	1 	1 	1 	1 	1 	1 	1 	1 	1 	1 	1 	1 	1 	1.000 	1 	1 	1.000 	1.000 	1.000 	1.000 	1.000 	1.000 	1.000 	1.000 	1.000 	1.000 	1.000 	1.000 	1.000 	1.000 	1.000 	1.000 	1.000 	1.000 	1.000 	1.000 	1.000 	1.000 	1.000 	1.000 	1.000 	1.000 	: 
M,STK_EUE_DNY_MTH,NR,MK	: 	: 	: 	: 	: 	: 	: 	: 	: 	: 	: 	: 	: 	: 	: 	: 	: 	: 	: 	: 	: 	: 	: 	: 	: 	: 	: 	: 	: 	: 	: 	: 	: 	: 	: 	: 	: 	: 	: 	: 	: 	: 	: 	: 	: 	: 	: 	: 	: 	: 	: 	: 	: 	: 	: 	: 	: 	: 	: 	: 	: 	: 	: 	: 	: 	: 	: 	: 	: 	: 	: 	: 	: 	: 	: 	: 	: 	: 	: 	: 	: 	: 	: 	: 	: 	: 	: 	: 	: 	: 	: 	: 	: 	: 	: 	: 	: 	: 	: 	: 	: 	: 	: 	: 	: 	: 	: 	: 	: 	: 	: 	: 	: 	: 	: 	1 	1 	1 	1 	1 	1 	1 	1 	1 	1 	1 	1 	1 	1 	1 	1 	1 	1.000 	1.000 	1.000 	1.000 	1.000 	1.000 	1.000 	1.000 	1.000 	1.000 	1.000 	: 	: 	: 	: 	: 	: 	: 	: 	: 	: 	: 	: 	: 	: 	: 	: 	: 	: 	: 
M,STK_EUE_DNY_MTH,NR,MT	1 	1 	1 	1 	1 	1 	1 	1 	1 	1 	1 	1 	1 	1 	1 	1 	1 	1 	1 	1 	1 	1 	1 	1 	1 	1 	1 	1 	1 	1 	1 	1 	1 	1 	1 	1 	1 	1 	1 	: 	: 	: 	: 	: 	: 	: 	: 	: 	1 	1 	1 	1 	1 	1 	1 	1 	1 	1 	1 	1 	1 	1 	1 	1 	1 	1 	1 	1 	1 	1 	1 	1 	1 	1 	1 	1 	1 	1 	1 	1 	1 	1 	1 	1 	1 	1 	1 	1 	1 	1 	1 	1 	1 	1 	1 	1 	1 	1 	1 	1 	1 	1 	1 	1 	1 	1 	1 	1 	1 	1 	1 	1 	1 	1 	1 	1 	1 	1 	1 	1 	1 	1 	1 	1 	1 	1 	1 	1 	1 	1 	1 	1 	1 	1 	1 	1.000 	1.000 	1.000 	1.000 	1.000 	1.000 	1.000 	1.000 	1.000 	1.000 	1.000 	1.000 	1.000 	1.000 	1.000 	1.000 	1.000 	1.000 	1.000 	1.000 	1.000 	1.000 	1.000 	1.000 	1.000 	1.000 	: 
M,STK_EUE_DNY_MTH,NR,NL	: 	: 	: 	: 	: 	: 	: 	: 	: 	: 	: 	: 	: 	: 	: 	: 	: 	: 	: 	: 	: 	: 	: 	: 	: 	: 	: 	: 	: 	: 	: 	: 	: 	: 	: 	: 	: 	: 	: 	: 	: 	: 	: 	: 	: 	: 	: 	: 	: 	: 	: 	: 	: 	: 	: 	: 	: 	: 	: 	: 	3 	3 	3 	3 	3 	3 	3 	3 	3 	3 	3 	3 	3 	3 	3 	: 	: 	: 	: 	: 	: 	: 	: 	2 	1 	3 	1 	1 	1 	2 	1 	1 	1 	1 	1 	1 	1 	1 	1 	1 	1 	1 	2 	2 	2 	2 	2 	2 	2 	2 	2 	2 	2 	2 	2 	2 	2 	2 	2 p	2 p	2 	2 	2 	2 	2 	2 	2.000 	2 	2 	2 	2 	2 	2.000 	2.000 	2.000 	2.000 	2.000 	2.000 	2.000 	2.000 	2.000 	2.000 	2.000 	2.000 	2.000 	2.000 	2.000 	2.000 	2.000 	2.000 	2.000 	2.000 	2.000 	2.000 	2.000 	2.000 	2.000 	2.000 	1.000 	: 	: 	: 
M,STK_EUE_DNY_MTH,NR,PL	1 	1 	1 	1 	1 	1 	1 	1 	1 	1 	1 	1 	1 	1 	1 	1 	1 	1 	1 	1 	1 	1 	1 	1 	1 	1 	1 	1 	1 	1 	1 	1 	1 	1 	1 	1 	1 	1 	1 	1 	1 	1 	1 	1 	1 	1 	1 	1 	1 	1 	1 	1 	1 	1 	1 	1 	1 	1 	1 	1 	1 	1 	1 	3 	3 	3 	3 	3 	3 	3 	3 	3 	1 	1 	1 	1 	1 	1 	1 	1 	1 	1 	1 	1 	1 	1 	1 	1 	1 	1 	1 	1 	1 	1 	1 	1 	2 	2 	2 	2 	2 	2 	2 	2 	2 	2 	2 	2 	2 	2 	2 	2 	2 	2 	2 p	2 	2 	2 	2 	2 	2 	2 	2 	2 	2 	2 	2 	2 	2 	2 	2 	2 	2 	2 	2.000 	2.000 	2.000 	2.000 	2.000 	2.000 	2.000 	2.000 	2.000 	2.000 	2.000 	2.000 	2.000 	2.000 	2.000 	2.000 	2.000 	2.000 	2.000 	2.000 	2.000 	2.000 	2.000 	2.000 	2.000 	2.000 	2.000 	: 
M,STK_EUE_DNY_MTH,NR,PT	2 	1 	1 	3 	3 	3 	3 	3 	3 	3 	3 	3 	3 	3 	3 	3 	3 	3 	3 	3 	3 	3 	3 	3 	3 	3 	3 	3 	3 	3 	3 	3 	3 	3 	3 	3 	3 	3 	3 	3 	3 	3 	3 	3 	3 	3 	3 	3 	3 	3 	3 	3 	3 	3 	3 	3 	3 	3 	3 	3 	3 	3 	3 	3 	3 	3 	3 	3 	3 	3 	3 	3 	3 	3 	3 	3 	3 	3 	3 	3 	3 	3 	3 	3 	1 	1 	1 	1 	1 	1 	1 	1 	1 	1 	1 	1 	1 	1 	1 	1 	1 	1 	2 	2 	2 	1 	1 	1 	1 	1 	1 	1 	1 	1 	1 	1 	1 	1 	1 	1 	1 	1 	1 	1 	1 	1 	2 	2 	2 	2 	2 	2 	2 	2 	2 	2.000 	2.000 	2.000 	2.000 	2.000 	2.000 	2.000 	2.000 	2.000 	2.000 	2.000 	2.000 	2.000 	2.000 	2.000 	2.000 	2.000 	2.000 	2.000 	2.000 	2.000 	2.000 	2.000 	2.000 	2.000 	2.000 	: 
M,STK_EUE_DNY_MTH,NR,RO	: 	: 	: 	: 	: 	: 	: 	: 	: 	: 	: 	: 	: 	: 	: 	: 	: 	: 	: 	: 	: 	: 	: 	: 	: 	: 	: 	: 	: 	: 	: 	: 	: 	: 	: 	: 	: 	: 	: 	: 	: 	: 	: 	: 	: 	: 	: 	: 	: 	: 	: 	: 	: 	: 	: 	: 	: 	: 	: 	: 	: 	: 	: 	1 	1 	1 	1 	1 	1 	1 	1 	1 	1 	1 	1 	1 	1 	1 	1 	1 	1 	1 	1 	1 	1 	1 	1 	1 	1 	1 	1 	1 	1 	1 	1 	1 	1 	1 	1 	1 	1 	1 	1 	1 	1 	1 	1 	1 	1 	1 	1 	1 	1 	1 	1 	1 	1 	1 	1 	1 	1 	1 	1 	1 	1 	1 	1 	1 	1 	1 	1 	1 	1 	1 	1.000 	1.000 	1.000 	1.000 	1.000 	1.000 	1.000 	1.000 	1.000 	1.000 	1.000 	1.000 	1.000 	1.000 	1.000 	1.000 	1.000 	1.000 	1.000 	1.000 	1.000 	1.000 	1.000 	1.000 	1.000 	1.000 	: 	: 
M,STK_EUE_DNY_MTH,NR,RS	: 	: 	: 	: 	: 	: 	: 	: 	: 	: 	: 	: 	: 	: 	: 	: 	: 	: 	: 	: 	: 	: 	: 	: 	: 	: 	: 	: 	: 	: 	: 	: 	: 	: 	: 	: 	: 	: 	: 	: 	: 	: 	: 	: 	: 	: 	: 	: 	: 	: 	: 	: 	: 	: 	: 	: 	: 	: 	: 	: 	: 	: 	: 	: 	: 	: 	: 	: 	: 	: 	: 	: 	: 	: 	: 	: 	: 	: 	: 	: 	: 	: 	: 	: 	: 	: 	: 	: 	: 	: 	: 	: 	: 	: 	: 	: 	: 	: 	: 	: 	: 	: 	: 	: 	: 	: 	: 	: 	: 	: 	: 	: 	: 	: 	: 	: 	: 	: 	: 	: 	3 	3 	3 	3 	3 	3 	3 	3 	3 	3 	3 	3 	3.000 	3.000 	3.000 	3.000 	3.000 	3.000 	3.000 	3.000 	3.000 	3.000 	3.000 	3.000 	3.000 	3.000 	3.000 	3.000 	3.000 	3.000 	3.000 	3.000 	3.000 	3.000 	3.000 	3.000 	3.000 	3.000 	3.000 	3.000 	3.000 	: 
M,STK_EUE_DNY_MTH,NR,SE	1 	1 	1 	1 	1 	1 	1 	1 	1 	1 	1 	1 	1 	1 	1 	1 	1 	1 	1 	1 	1 	1 	1 	1 	1 	1 	1 	1 	1 	1 	1 	1 	1 	1 	1 	1 	1 	1 	1 	1 	1 	1 	1 	1 	1 	1 	1 	1 	1 	1 	1 	1 	1 	1 	1 	1 	1 	1 	1 	1 	1 	1 	1 	1 	1 	1 	1 	1 	1 	1 	1 	1 	1 	1 	1 	1 	1 	1 	1 	1 	1 	1 	1 	1 	1 	1 	1 	1 	1 	1 	1 	1 	1 	1 	1 	1 	1 	1 	1 	1 	1 	1 	1 	1 	1 	1 	1 	1 	1 	1 	1 	1 	1 	1 	1 	1 	1 	1 	1 	1 	1 	1 	1 	1 	1 	1 	1 	1 	1 	1 	1 	1 	1 	1.000 	1.000 	1.000 	1.000 	1.000 	1.000 	1.000 	1.000 	1.000 	1.000 	1.000 	1.000 	1.000 	1.000 	1.000 	1.000 	1.000 	1.000 	1.000 	1.000 	1.000 	1.000 	: 	1.000 	1.000 	1.000 	1.000 	1.000 	: 
M,STK_EUE_DNY_MTH,NR,SI	1 	1 	1 	1 	1 	1 	1 	1 	1 	1 	1 	1 	1 	1 	1 	1 	1 	1 	1 	1 	1 	1 	1 	1 	1 	1 	1 	1 	1 	1 	1 	1 	1 	1 	1 	1 	1 	1 	1 	1 	1 	1 	1 	1 	1 	1 	1 	1 	1 	1 	1 	1 	1 	1 	1 	1 	1 	1 	1 	1 	1 	1 	1 	1 	1 	1 	1 	1 	1 	1 	1 	1 	1 	1 	1 	1 	1 	1 	1 	1 	1 	1 	1 	1 	1 	1 	1 	1 	1 	1 	1 	1 	1 	1 	1 	1 	1 	1 	1 	1 	1 	1 	1 	1 	1 	1 	1 	1 	1 	1 	1 	1 	1 	1 	1 	1 	1 	1 	1 	1 	1 	1 	1 	1 	1 	1 	1 	1 	1 	1 	1 	1 	1 	1 	1 	1.000 	1.000 	1.000 	1.000 	1.000 	1.000 	1.000 	1.000 	1.000 	1.000 	1.000 	1.000 	1.000 	1.000 	1.000 	1.000 	1.000 	1.000 	1.000 	1.000 	1.000 	1.000 	1.000 	1.000 	1.000 	1.000 	: 
M,STK_EUE_DNY_MTH,NR,SK	2 	2 	2 	3 	3 	3 	3 	3 	3 	3 	3 	3 	3 	3 	3 	3 	3 	3 	3 	3 	3 	3 	3 	3 	3 	3 	3 	1 	1 	1 	1 	1 	1 	1 	1 	1 	1 	1 	1 	1 	1 	1 	1 	1 	1 	1 	1 	1 	1 	1 	1 	1 	1 	1 	1 	1 	1 	1 	1 	1 	1 	1 	1 	2 	2 	2 	2 	2 	2 	2 	2 	2 	2 	2 	2 	1 	1 	1 	1 	1 	1 	1 	1 	1 	1 	1 	1 	1 	1 	1 	3 	3 	3 	3 	3 	3 	3 	3 	3 	3 	3 	3 	3 	3 	3 	3 	3 	3 	3 	3 	3 	3 	3 	3 	3 	3 	3 	3 	3 	3 	3 	3 	3 	3 	3 	3 p	3 	3 	3 	3 	3 	3 	3.000 	3.000 	3.000 	3.000 	3.000 	3.000 	3.000 	3.000 	3.000 	3.000 	3.000 	3.000 	3.000 	3.000 	3.000 	3.000 	3.000 	3.000 	2.000 	2.000 	2.000 	2.000 	2.000 	2.000 	2.000 	2.000 	2.000 	2.000 	2.000 	: 
M,STK_EUE_DNY_MTH,NR,UK	: 	: 	: 	: 	: 	: 	: 	: 	: 	: 	: 	: 	: 	: 	: 	: 	: 	: 	: 	: 	: 	: 	: 	: 	: 	: 	: 	: 	: 	: 	: 	: 	: 	: 	: 	: 	: 	: 	: 	: 	: 	: 	: 	: 	: 	: 	: 	: 	: 	: 	: 	: 	: 	: 	: 	: 	: 	: 	: 	: 	: 	: 	: 	: 	: 	: 	: 	: 	: 	: 	: 	: 	: 	: 	: 	: 	: 	: 	: 	: 	: 	: 	: 	1 	1 	: 	1 	1 	1 	1 	1 	1 	1 	1 	: 	: 	: 	: 	: 	: 	: 	: 	: 	: 	: 	: 	: 	: 	: 	: 	: 	: 	: 	: 	: 	: 	: 	: 	: 	: 	: 	: 	: 	: 	: 	: 	: 	: 	: 	: 	: 	: 	: 	: 	: 	: 	: 	: 	: 	: 	: 	: 	: 	: 	: 	: 	: 	: 	: 	: 	: 	: 	: 	: 	: 	: 	: 	: 	: 	: 	: 	: 
M,STK_EUE_MIN_MTH,NR,AT	1 	1 	1 	1 	1 	1 	1 	1 	1 	1 	1 	1 	1 	1 	1 	1 	1 	1 	1 	1 	1 	1 	1 	1 	1 	1 	1 	1 	1 	1 	1 	1 	1 	1 	1 	1 	1 	1 	1 	1 	1 	1 	1 	1 	1 	1 	1 	1 	1 	1 	1 	1 	1 	1 	1 	1 	1 	1 	1 	1 	1 	1 	1 	1 	1 	1 	1 	1 	1 	1 	1 	1 	1 	1 	1 	1 	1 	1 	1 	1 	1 	1 	1 	1 	1 	1 	1 	1 	1 	1 	1 	1 	1 	1 	1 	1 	1 	1 	1 	1 	1 	1 	1 	1 	1 	1 	1 	1 	1 	1 	1 	1 	1 	1 	1 	1 	1 	1 	1 	1 	1 	1 	1 	1 	1 	1 	1 	1 	1 	1 	1 	1 	1 	1 	1.000 	1.000 	1.000 	1.000 	1.000 	1.000 	1.000 	1.000 	1.000 	1.000 	1.000 	1.000 	1.000 	1.000 	1.000 	1.000 	1.000 	1.000 	1.000 	1.000 	1.000 	1.000 	1.000 	1.000 	1.000 	1.000 	1.000 	1.000 
M,STK_EUE_MIN_MTH,NR,BE	1 	1 	1 	1 	1 	1 	1 	1 	1 	1 	1 	1 	1 	1 	1 	1 	1 	1 	1 	1 	1 	1 	1 	1 	1 	1 	1 	1 	1 	1 	1 	1 	1 	1 	1 	1 	1 	1 	1 	1 	1 	1 	1 	1 	1 	1 	1 	1 	1 	1 	1 	1 	1 	1 	1 	1 	1 	1 	1 	1 	1 	1 	1 	1 	1 	1 	1 	1 	1 	1 	1 	1 	1 	1 	1 	1 	1 	1 	1 	1 	1 	1 	1 	1 	1 	1 	1 	1 	1 	1 	1 	1 	1 	1 	1 	1 	1 	1 	1 	1 	1 	1 	1 	1 	1 	1 	1 	1 	1 	1 	1 	1 	1 	1 	1 	1 	1 	1 	1 	1 	1 	1 	1 	1 	1 	1 	1 	1 	1 	1 	1 	1 	1 	1 	1 	1 	1.000 	1.000 	1.000 	1.000 	1.000 	1.000 	1.000 	1.000 	1.000 	1.000 	1.000 	1.000 	1.000 	1.000 	1.000 	1.000 	1.000 	1.000 	1.000 	1.000 	1.000 	1.000 	1.000 	1.000 	1.000 	1.000 
M,STK_EUE_MIN_MTH,NR,BG	1 	1 	1 	1 	1 	1 	1 	1 	1 	1 	1 	1 	1 	1 	1 	1 	1 	1 	1 	1 	1 	1 	1 	1 	1 	1 	1 	1 	1 	1 	1 	1 	1 	1 	1 	1 	1 	1 	1 	1 	1 	1 	1 	1 	1 	1 	1 	1 	1 	1 	1 	1 	1 	1 	1 	1 	1 	1 	1 	1 	1 	1 	1 	1 	1 	1 	1 	1 	1 	1 	1 	1 	1 	1 	1 	1 	1 	1 	1 	1 	1 	1 	1 	1 	1 	1 	1 	1 	1 	1 	1 	1 	1 	1 	1 	1 	1 	1 	1 	1 	1 	1 	1 	1 	1 	1 	1 	1 	1 	1 	1 	1 	1 	1 	1 	1 	1 	1 	1 	1 	1 	1 	1 	1 	1 	1 	1 	1 	1 	1 	1 	1 	1 	1 	1 	1 	1.000 	1.000 	1.000 	1.000 	1.000 	1.000 	1.000 	1.000 	1.000 	1.000 	1.000 	1.000 	1.000 	1.000 	1.000 	1.000 	1.000 	1.000 	1.000 	1.000 	1.000 	1.000 	1.000 	1.000 	1.000 	1.000 
M,STK_EUE_MIN_MTH,NR,CY	1 	1 	1 	1 	1 	1 	1 	1 	1 	1 	1 	1 	1 	1 	1 	1 	1 	1 	1 	1 	1 	1 	1 	1 	1 	1 	1 	1 	1 	1 	1 	1 	1 	1 	1 	1 	1 	1 	1 	1 	1 	1 	1 	1 	1 	1 	1 	1 	1 	1 	1 	1 	1 	1 	1 	1 	1 	1 	1 	1 	1 	1 	1 	1 	1 	1 	1 	1 	1 	1 	1 	1 	1 	1 	1 	1 	1 	1 	1 	1 	1 	1 	1 	1 	1 	1 	1 	1 	1 	1 	1 	1 	1 	1 	1 	1 	1 	1 	1 	1 	1 	1 	1 	1 	1 	1 	1 	1 	1 	1 	1 	1 	1 	1 	1 	1 	1 	1 	1 	1 	1 	1 	1 	1 	1 	1 	1 	1 	1 	1 	1 	1 	1 	1 	1 	1.000 	1.000 	1.000 	1.000 	1.000 	1.000 	1.000 	1.000 	1.000 	1.000 	1.000 	1.000 	1.000 	1.000 	1.000 	1.000 	1.000 	1.000 	1.000 	1.000 	1.000 	1.000 	1.000 	1.000 	1.000 	1.000 	1.000 
M,STK_EUE_MIN_MTH,NR,CZ	1 	1 	1 	1 	1 	1 	1 	1 	1 	1 	1 	1 	1 	1 	1 	1 	1 	1 	1 	1 	1 	1 	1 	1 	1 	1 	1 	1 	1 	1 	1 	1 	1 	1 	1 	1 	1 	1 	1 	1 	1 	1 	1 	1 	1 	1 	1 	1 	1 	1 	1 	1 	1 	1 	1 	1 	1 	1 	1 	1 	1 	1 	1 	1 	1 	1 	1 	1 	1 	1 	1 	1 	1 	1 	1 	1 	1 	1 	1 	1 	1 	1 	1 	1 	1 	1 	1 	1 	1 	1 	1 	1 	1 	1 	1 	1 	1 	1 	1 	1 	1 	1 	1 	1 	1 	1 	1 	1 	1 	1 	1 	1 	1 	1 	1 	1 	1 	1 	1 	1 	1 	1 	1 	1 	1 	1 	1 	1 	1 	1 	1 	1 	1 	1 	1 	1.000 	1.000 	1.000 	1.000 	1.000 	1.000 	1.000 	1.000 	1.000 	1.000 	1.000 	1.000 	1.000 	1.000 	1.000 	1.000 	1.000 	1.000 	1.000 	1.000 	1.000 	1.000 	1.000 	1.000 	1.000 	1.000 	: 
M,STK_EUE_MIN_MTH,NR,DE	1 	1 	1 	1 	1 	1 	1 	1 	1 	1 	1 	1 	1 	1 	1 	1 	1 	1 	1 	1 	1 	1 	1 	1 	1 	1 	1 	1 	1 	1 	1 	1 	1 	1 	1 	1 	1 	1 	1 	1 	1 	1 	1 	1 	1 	1 	1 	1 	1 	1 	1 	1 	1 	1 	1 	1 	1 	1 	1 	1 	1 	1 	1 	1 	1 	1 	1 	1 	1 	1 	1 	1 	1 	1 	1 	1 	1 	1 	1 	1 	1 	1 	1 	1 	1 	1 	1 	1 	1 	1 	1 	1 	1 	1 	1 	1 	1 	1 	1 	1 	1 	1 	1 	1 	1 	1 	1 	1 	1 	1 	1 	1 	1 	1 	1 	1 	1 	1 	1 	1 	1.000 	1.000 	1.000 	1.000 	1.000 	1.000 	1.000 	1.000 	1.000 	1.000 	1.000 	1.000 	1.000 	1.000 	1.000 	1.000 	1.000 	1.000 	1.000 	1.000 	1.000 	1.000 	1.000 	1.000 	1.000 	1.000 	1.000 	1.000 	1.000 	1.000 	1.000 	1.000 	1.000 	1.000 	1.000 	1.000 	1.000 	1.000 	1.000 	1.000 	1.000 	: 
M,STK_EUE_MIN_MTH,NR,DK	2 	2 	2 	2 	2 	2 	2 	2 	2 	2 	2 	2 	2 	2 	2 	2 	2 	2 	2 	2 	2 	2 	2 	2 	2 	2 	2 	2 	2 	2 	2 	2 	2 	2 	2 	2 	2 	2 	2 	2 	2 	2 	2 	2 	2 	2 	2 	2 	2 	2 	2 	2 	2 	2 	2 	2 	2 	2 	2 	2 	2 	2 	2 	2 	2 	2 	2 	2 	2 	2 	2 	2 	2 	2 	2 	2 	2 	2 	2 	2 	2 	2 	2 	2 	2 	2 	2 	2 	2 	2 	2 	2 	2 	2 	2 	2 	2 	2 	2 	2 	2 	2 	2 	2 	2 	2 	2 	2 	2 	2 	2 	2 	2 	2 	2 	2 	2 	2 	2 	2 	2 	2 	2 	2 	2 	2 	2 	2 	2 	2 	2 	2 	2.000 	2.000 	2.000 	2.000 	2.000 	2.000 	2.000 	2.000 	2.000 	2.000 	2.000 	2.000 	2.000 	2.000 	2.000 	2.000 	2.000 	2.000 	2.000 	2.000 	2.000 	2.000 	2.000 	2.000 	2.000 	2.000 	2.000 	2.000 	2.000 	: 
M,STK_EUE_MIN_MTH,NR,EE	2 	2 	2 	2 	2 	2 	2 	2 	2 	2 	2 	2 	2 	2 	2 	2 	2 	2 	2 	1 	1 	1 	1 	1 	1 	1 	1 	2 	2 	2 	2 	2 	2 	2 	2 	2 	2 	2 	2 	2 	2 	2 	2 	2 	2 	2 	2 	2 	2 	2 	2 	2 	2 	2 	2 	2 	2 	2 	2 	2 	2 	2 	2 	2 	2 	2 	2 	2 	2 	2 	2 	2 	2 	2 	2 	2 	2 	2 	2 	2 	2 	2 	2 	2 	2 	2 	2 	2 	2 	2 	2 	2 	2 	2 	2 	2 	1 	1 	1 	1 	1 	1 	1 	1 	1 	1 	1 	1 	1 	1 	1 	1 	1 	1 	2 	2 	2 	2 	2 	2 	2 	2 	2 	2 	2 	2.000 	2.000 	2.000 	2.000 	2.000 	2.000 	2.000 	2.000 	2.000 	2.000 	2.000 	2.000 	2.000 	2.000 	2.000 	2.000 	2.000 	2.000 	2.000 	2.000 	2.000 	2.000 	2.000 	2.000 	2.000 	2.000 	2.000 	2.000 	2.000 	2.000 	2.000 	2.000 	2.000 	2.000 	2.000 	2.000 	: 
M,STK_EUE_MIN_MTH,NR,EL	1 	1 	1 	1 	1 	1 	1 	1 	1 	1 	1 	1 	1 	1 	1 	1 	1 	1 	1 	1 	1 	1 	1 	1 	1 	1 	1 	1 	1 	1 	1 	1 	1 	1 	1 	1 	1 	1 	1 	1 	1 	1 	1 	1 	1 	1 	1 	1 	1 	1 	1 	1 	1 	1 	1 	1 	1 	1 	1 	1 	1 	1 	1 	1 	1 	1 	1 	1 	1 	1 	1 	1 	1 	1 	1 	2 	2 	2 	2 	2 	2 	2 	2 	2 	1 	1 	1 	1 	1 	1 	1 	1 	1 	1 	1 	1 	1 	1 	1 	1 	1 	1 	1 	1 	1 	1 	1 	1 	1 	1 	1 	1 	1 	1 	1 p	1 	1 	1 	1 	1 	1 	1 	1 	1 	1 	1 	1 	1 	1 	1 	1 	1 	1 	1.000 	1.000 	1.000 	1.000 	1.000 	1.000 	1.000 	1.000 	1.000 	1.000 	1.000 	1.000 	1.000 	1.000 	1.000 	1.000 	1.000 	2.000 	2.000 	2.000 	2.000 	2.000 	2.000 	2.000 	2.000 	2.000 	2.000 	2.000 	: 
M,STK_EUE_MIN_MTH,NR,ES	1 	1 	1 	1 	1 	1 	1 	1 	1 	1 	1 	1 	1 	1 	1 	1 	1 	1 	1 	1 	1 	1 	1 	1 	1 	1 	1 	1 	1 	1 	1 	1 	1 	1 	1 	1 	1 	1 	1 	1 	1 	1 	1 	1 	1 	1 	1 	1 	1 	1 	1 	1 	1 	1 	1 	1 	1 	1 	1 	1 	1 	1 	1 	1 	1 	1 	1 	1 	1 	1 	1 	1 	1 	1 	1 	1 	1 	1 	1 	1 	1 	1 	1 	1 	1 	1 	1 	1 	1 	1 	1 	1 	1 	1 	1 	1 	1 	1 	1 	1 	1 	1 	1 	1 	1 	1 	1 	1 	1 	1 	1 	1 	1 	1 	1 	1 	1 	1 	1 	1 	1.000 	1.000 	1.000 	1.000 	1.000 	1.000 	1.000 	1.000 	1.000 	1.000 	1.000 	1.000 	1.000 	1.000 	1.000 	1.000 	1.000 	1.000 	1.000 	1.000 	1.000 	1.000 	1.000 	1.000 	1.000 	1.000 	1.000 	1.000 	1.000 	1.000 	1.000 	1.000 	1.000 	1.000 	1.000 	1.000 	1.000 	1.000 	1.000 	1.000 	1.000 	: 
M,STK_EUE_MIN_MTH,NR,FI	1 	1 	1 	1 	1 	1 	1 	1 	1 	1 	1 	1 	1 	1 	1 	1 	1 	1 	1 	1 	1 	1 	1 	1 	1 	1 	1 	1 	1 	1 	1 	1 	1 	1 	1 	1 	1 	1 	1 	1 	2 	1 	1 	1 	1 	1 	1 	1 	1 	1 	1 	1 	1 	1 	1 	1 	1 	1 	1 	1 	1 	1 	1 	1 	1 	1 	1 	1 	1 	1 	1 	1 	1 	1 	1 	1 	1 	1 	1 	1 	1 	1 	1 	1 	1 	1 	1 	1 	1 	1 	1 	1 	1 	1 	1 	1 	1 	1 	1 	1 	1 	1 	1 	1 	1 	1 	1 	1 	1 	1 	1 	1 	1 	1 	1 	1 	1 	1 	1 	1 	1 	1 	1 	1 	1 	1 	1 	1 	1 	1 	1 	1 	1 	1 	1 	1 	1.000 	1.000 	1.000 	1.000 	1.000 	1.000 	1.000 	1.000 	1.000 	1.000 	1.000 	1.000 	1.000 	1.000 	1.000 	1.000 	1.000 	: 	: 	1.000 	1.000 	1.000 	1.000 	1.000 	: 	1.000 
M,STK_EUE_MIN_MTH,NR,FR	1 	1 	1 	1 	1 	1 	1 	1 	1 	1 	1 	1 	1 	1 	1 	1 	1 	1 	1 	1 	1 	1 	1 	1 	1 	1 	1 	1 	1 	1 	1 	1 	1 	1 	1 	1 	1 	1 	1 	1 	1 	1 	1 	1 	1 	1 	1 	1 	1 	1 	1 	1 	1 	1 	1 	1 	1 	1 	1 	1 	1 	1 	1 	1 	1 	1 	1 	1 	1 	1 	1 	1 	1 	1 	1 	1 	1 	1 	1 	1 	1 	1 	1 	1 	1 	1 	1 	1 	1 	1 	1 	1 	1 	1 	1 	1 	1 	1 	1 	1 	1 	1 	1 	1 	1 	1 	1 	1 	1 	1 	1 	1 	1 	1 	1 	1 	1 	1 	1 	1 	1 	1 	1 	1 	1 	1 	1 	1 	1 	1 	1 	1 	1 	1 	1 	1.000 	1.000 	1.000 	1.000 	1.000 	1.000 	1.000 	1.000 	1.000 	1.000 	1.000 	1.000 	1.000 	1.000 	1.000 	1.000 	1.000 	1.000 	1.000 	1.000 	1.000 	1.000 	1.000 	1.000 	1.000 	1.000 	: 
M,STK_EUE_MIN_MTH,NR,HR	1 	1 	1 	1 	1 	1 	1 	1 	1 	1 	1 	1 	1 	1 	1 	1 	1 	1 	1 	1 	1 	1 	1 	1 	1 	1 	1 	1 	1 	1 	1 	1 	1 	1 	1 	1 	1 	1 	1 	1 	1 	1 	1 	1 	1 	1 	1 	1 	1 	1 	1 	1 	1 	1 	1 	1 	1 	1 	1 	1 	1 	1 	1 	1 	1 	1 	1 	1 	1 	1 	1 	1 	1 	1 	1 	1 	1 	1 	1 	1 	1 	1 	1 	1 	1 	1 	1 	1 	1 	1 	1 	1 	1 	1 	1 	1 	1 	1 	1 	1 	1 	1 	1 	1 	1 	1 	1 	1 	1 	1 	1 	1 	1 	1 	1 	1 	1 	1 	1 	1 	1 	1 	1 	1 	1 	1 	1 	1 	1 	1 	1 	1 	1 	1 	1 	1.000 	1.000 	1.000 	1.000 	1.000 	1.000 	1.000 	1.000 	1.000 	1.000 	1.000 	1.000 	1.000 	1.000 	1.000 	1.000 	1.000 	1.000 	1.000 	1.000 	1.000 	1.000 	1.000 	1.000 	1.000 	1.000 	1.000 
M,STK_EUE_MIN_MTH,NR,HU	1 	1 	1 	1 	1 	1 	1 	1 	1 	1 	1 	1 	1 	1 	1 	1 	1 	1 	1 	1 	1 	1 	1 	1 	1 	1 	1 	1 	1 	1 	1 	1 	1 	1 	1 	1 	1 	1 	1 	1 	1 	1 	1 	1 	1 	1 	1 	1 	1 	1 	1 	1 	1 	1 	1 	1 	1 	1 	1 	1 	1 	1 	1 	1 	1 	1 	1 	1 	1 	1 	1 	1 	1 	1 	1 	1 	1 	1 	1 	1 	1 	1 	1 	1 	1 	1 	1 	1 	1 	1 	1 	1 	1 	1 	1 	1 	1 	1 	1 	1 	1 	1 	1 	1 	1 	1 	1 	1 	1 	1 	1 	1 	1 	1 	1 	1 	1 	1 	1 	1 	1 	1 	1 	1 	1 	1 	1 	1 	1 	1 	1 	1 	1 	1 	1 	1.000 	1.000 	1.000 	1.000 	1.000 	1.000 	1.000 	1.000 	1.000 	1.000 	1.000 	1.000 	1.000 	1.000 	1.000 	1.000 	1.000 	1.000 	1.000 	1.000 	1.000 	1.000 	1.000 	1.000 	1.000 	1.000 	: 
M,STK_EUE_MIN_MTH,NR,IE	2 	2 	2 	1 	1 	1 	1 	1 	1 	2 	1 	1 	1 	1 	1 	1 	1 	1 	1 	1 	1 	1 	1 	1 	1 	1 	1 	1 	1 	1 	1 	1 	1 	1 	1 	1 	1 	1 	1 	1 	1 	1 	1 	1 	1 	1 	1 	1 	1 	1 	1 	1 	1 	1 	1 	1 	1 	1 	1 	1 	1 	1 	1 	1 	1 	1 	1 	1 	1 	1 	1 	1 	1 	1 	1 	1 	1 	1 	1 	1 	1 	1 	1 	1 	1 	1 	1 	1 	1 	1 	1 	1 	1 	1 	1 	1 	1 	1 	1 	1 	1 	1 	1 	1 	1 	1 	1 	1 	1 	1 	1 	1 	1 	1 	1 p	1 p	1 p	1 	1 	1 	1 	1 	1 	1 	1 	1 	1 	1 	1 	1 	1 	1 	1 	1 	1 	1.000 	1.000 	1.000 	1.000 	1.000 	1.000 	1.000 	1.000 	1.000 	1.000 	1.000 	1.000 	1.000 	1.000 	1.000 	1.000 	1.000 	1.000 	1.000 	1.000 	1.000 	1.000 	1.000 	1.000 	1.000 	1.000 	: 
M,STK_EUE_MIN_MTH,NR,IT	1 	1 	1 	1 	1 	1 	1 	1 	1 	1 	1 	1 	1 	1 	1 	1 	1 	1 	1 	1 	1 	1 	1 	1 	1 	1 	1 	1 	1 	1 	1 	1 	1 	1 	1 	1 	1 	1 	1 	1 	1 	1 	1 	1 	1 	1 	1 	1 	1 	1 	1 	1 	1 	1 	1 	1 	1 	1 	1 	1 	1 	1 	1 	1 	1 	1 	1 	1 	1 	1 	1 	1 	1 	1 	1 	1 	1 	1 	1 	1 	1 	1 	1 	1 	1 	1 	1 	1 	1 	1 	1 	1 	1 	1 	1 	1 	1 	1 	1 	1 	1 	1 	1 	1 	1 	1 	1 	1 	1 	1 	1 	1 	1 	1 	1 	1 	1 	1 	1 	1 	1 	1 	1 	1 	1 	1 	1 p	1 	1 	1 	1 	1 	1.000 	1.000 	1.000 	1.000 	1.000 	1.000 	1.000 	1.000 	1.000 	1.000 	1.000 	1.000 	1.000 	1.000 	1.000 	1.000 	1.000 	1.000 	1.000 	1.000 	1.000 	1.000 	1.000 	1.000 	1.000 	1.000 	1.000 	1.000 	1.000 	: 
M,STK_EUE_MIN_MTH,NR,LT	1 	1 	1 	1 	1 	1 	1 	1 	1 	1 	1 	1 	1 	1 	1 	1 	1 	1 	1 	1 	1 	1 	1 	1 	1 	1 	1 	1 	1 	1 	1 	1 	1 	1 	1 	1 	1 	1 	1 	1 	1 	1 	1 	1 	1 	1 	1 	1 	1 	1 	1 	1 	1 	1 	1 	1 	1 	1 	1 	1 	1 	1 	1 	1 	1 	1 	1 	1 	1 	1 	1 	1 	1 	1 	1 	1 	1 	1 	1 	1 	1 	1 	1 	1 	1 	1 	1 	1 	1 	1 	1 	1 	1 	1 	1 	1 	1 	1 	1 	1 	1 	1 	1 	1 	1 	1 	1 	1 	1 	1 	1 	1 	1 	1 	1 	1 	1 	1 	1 	1 	1 	1 	1 	1 	1 	1 	1 	1 	1 	1 	1 	1 	1 	1 	1 	1.000 	1.000 	1.000 	1.000 	1.000 	1.000 	1.000 	1.000 	1.000 	1.000 	1.000 	1.000 	1.000 	1.000 	1.000 	1.000 	1.000 	1.000 	1.000 	1.000 	1.000 	1.000 	1.000 	1.000 	1.000 	1.000 	: 
M,STK_EUE_MIN_MTH,NR,LU	1 	1 	1 	1 	1 	1 	1 	1 	1 	1 	1 	1 	1 	1 	1 	1 	1 	1 	1 	1 	1 	1 	1 	1 	1 	1 	1 	1 	1 	1 	1 	1 	1 	1 	1 	1 	1 	1 	1 	1 	1 	1 	1 	1 	1 	1 	1 	1 	1 	1 	1 	1 	1 	1 	1 	1 	1 	1 	1 	1 	1 	1 	1 	1 	1 	1 	1 	1 	1 	1 	1 	1 	1 	1 	1 	1 	1 	1 	1 	1 	1 	1 	1 	1 	1 	1 	1 	1 	1 	1 	1 	1 	1 	1 	1 	1 	1 	1 	1 	1 	1 	1 	1 	1 	1 	1 	1 	1 	1 	1 	1 	1 	1 	1 	1 	1 	1 	1 	1 	1 	1 	1 	1 	1 	1 	1 	1 	1 	1 	1 	1 	1 	1.000 	1.000 	1.000 	1.000 	1.000 	1.000 	1.000 	1.000 	1.000 	1.000 	1.000 	1.000 	1.000 	1.000 	1.000 	1.000 	1.000 	1.000 	1.000 	1.000 	1.000 	1.000 	1.000 	1.000 	1.000 	1.000 	1.000 	1.000 	1.000 	: 
M,STK_EUE_MIN_MTH,NR,LV	1 	1 	1 	1 	1 	1 	1 	1 	1 	1 	1 	1 	1 	1 	1 	1 	1 	1 	1 	1 	1 	1 	1 	1 	1 	1 	1 	1 	1 	1 	1 	1 	1 	1 	1 	1 	1 	1 	1 	1 	1 	1 	1 	1 	1 	1 	1 	1 	1 	1 	1 	1 	1 	1 	1 	1 	1 	1 	1 	1 	1 	1 	1 	1 	1 	1 	1 	1 	1 	1 	1 	1 	1 	1 	1 	1 	1 	1 	1 	1 	1 	1 	1 	1 	1 	1 	1 	1 	1 	1 	1 	1 	1 	1 	1 	1 	1 	1 	1 	1 	1 	1 	1 	1 	1 	1 	1 	1 	1 	1 	1 	1 	1 	1 	1 	1 	1 	1 	1 	1 	1 	1 	1 	1 	1 	1 	1 	1 	1 	1 	1 	1 	1.000 	1 	1 	1.000 	1.000 	1.000 	1.000 	1.000 	1.000 	1.000 	1.000 	1.000 	1.000 	1.000 	1.000 	1.000 	1.000 	1.000 	1.000 	1.000 	1.000 	1.000 	1.000 	1.000 	1.000 	1.000 	1.000 	1.000 	1.000 	: 
M,STK_EUE_MIN_MTH,NR,MK	: 	: 	: 	: 	: 	: 	: 	: 	: 	: 	: 	: 	: 	: 	: 	: 	: 	: 	: 	: 	: 	: 	: 	: 	: 	: 	: 	: 	: 	: 	: 	: 	: 	: 	: 	: 	: 	: 	: 	: 	: 	: 	: 	: 	: 	: 	: 	: 	: 	: 	: 	: 	: 	: 	: 	: 	: 	: 	: 	: 	: 	: 	: 	: 	: 	: 	: 	: 	: 	: 	: 	: 	: 	: 	: 	: 	: 	: 	: 	: 	: 	: 	: 	: 	: 	: 	: 	: 	: 	: 	: 	: 	: 	: 	: 	: 	: 	: 	: 	: 	: 	: 	: 	: 	: 	: 	: 	: 	: 	: 	: 	: 	: 	: 	: 	1 	1 	1 	1 	1 	1 	1 	1 	1 	1 	1 	1 	1 	1 	1 	1 	1 	1.000 	1.000 	1.000 	1.000 	1.000 	1.000 	1.000 	1.000 	1.000 	1.000 	1.000 	: 	: 	: 	: 	: 	: 	: 	: 	: 	: 	: 	: 	: 	: 	: 	: 	: 	: 	: 
M,STK_EUE_MIN_MTH,NR,MT	1 	1 	1 	1 	1 	1 	1 	1 	1 	1 	1 	1 	1 	1 	1 	1 	1 	1 	1 	1 	1 	1 	1 	1 	1 	1 	1 	1 	1 	1 	1 	1 	1 	1 	1 	1 	1 	1 	1 	2 	2 	2 	2 	2 	2 	2 	2 	2 	1 	1 	1 	1 	1 	1 	1 	1 	1 	1 	1 	1 	1 	1 	1 	1 	1 	1 	1 	1 	1 	1 	1 	1 	1 	1 	1 	1 	1 	1 	1 	1 	1 	1 	1 	1 	1 	1 	1 	1 	1 	1 	1 	1 	1 	1 	1 	1 	1 	1 	1 	1 	1 	1 	1 	1 	1 	1 	1 	1 	1 	1 	1 	1 	1 	1 	1 	1 	1 	1 	1 	1 	1 	1 	1 	1 	1 	1 	2 	2 	2 	2 	2 	2 	2 	2 	2 	2.000 	2.000 	2.000 	1.000 	1.000 	1.000 	1.000 	1.000 	1.000 	1.000 	1.000 	1.000 	1.000 	1.000 	1.000 	1.000 	1.000 	1.000 	1.000 	1.000 	1.000 	1.000 	1.000 	1.000 	1.000 	1.000 	: 
M,STK_EUE_MIN_MTH,NR,NL	2 	2 	2 	2 	2 	2 	2 	2 	2 	2 	2 	2 	2 	2 	2 	2 	2 	2 	2 	2 	2 	2 	2 	2 	2 	2 	2 	2 	2 	2 	2 	2 	2 	2 	2 	2 	2 	2 	2 	2 	2 	2 	2 	2 	2 	2 	2 	2 	2 	2 	2 	2 	2 	2 	2 	2 	2 	2 	2 	2 	1 	1 	1 	1 	1 	1 	1 	1 	1 	1 	1 	1 	1 	1 	1 	2 	2 	2 	2 	2 	2 	2 	2 	2 	1 	2 	1 	1 	1 	2 	2 	2 	2 	2 	2 	2 	2 	2 	2 	2 	2 	2 	2 	2 	2 	2 	2 	2 	2 	2 	2 	2 	2 	2 	2 	2 	2 	2 	2 p	2 p	2 	2 	2 	2 	2 	2 	2.000 	2 	2 	2 	2 	2 	2.000 	2.000 	2.000 	2.000 	2.000 	2.000 	2.000 	2.000 	2.000 	2.000 	2.000 	2.000 	2.000 	2.000 	2.000 	2.000 	2.000 	2.000 	2.000 	2.000 	2.000 	2.000 	2.000 	2.000 	2.000 	2.000 	1.000 	: 	: 	: 
M,STK_EUE_MIN_MTH,NR,PL	1 	1 	1 	1 	1 	1 	1 	1 	1 	1 	1 	1 	1 	1 	1 	1 	1 	1 	1 	1 	1 	1 	1 	1 	1 	1 	1 	1 	1 	1 	1 	1 	1 	1 	1 	1 	1 	1 	1 	1 	1 	1 	1 	1 	1 	1 	1 	1 	1 	1 	1 	1 	1 	1 	1 	1 	1 	1 	1 	1 	1 	1 	1 	1 	1 	1 	1 	1 	1 	1 	1 	1 	1 	1 	1 	1 	1 	1 	1 	1 	1 	1 	1 	1 	1 	1 	1 	1 	1 	1 	1 	1 	1 	1 	1 	1 	1 	1 	1 	1 	1 	1 	1 	1 	1 	1 	1 	1 	1 	1 	1 	1 	1 	1 	1 p	1 	1 	1 	1 	1 	1 	1 	1 	1 	1 	1 	1 	1 	1 	1 	1 	1 	1 	1 	1.000 	1.000 	1.000 	1.000 	1.000 	1.000 	1.000 	1.000 	1.000 	1.000 	1.000 	1.000 	1.000 	1.000 	1.000 	1.000 	1.000 	1.000 	1.000 	1.000 	1.000 	1.000 	1.000 	1.000 	1.000 	1.000 	1.000 	: 
M,STK_EUE_MIN_MTH,NR,PT	1 	1 	1 	1 	1 	1 	1 	1 	1 	1 	1 	1 	1 	1 	1 	1 	1 	1 	1 	1 	1 	1 	1 	1 	1 	1 	1 	1 	1 	1 	1 	1 	1 	1 	1 	1 	1 	1 	1 	1 	1 	1 	1 	1 	1 	1 	1 	1 	1 	1 	1 	1 	1 	1 	1 	1 	1 	1 	1 	1 	1 	1 	1 	1 	1 	1 	1 	1 	1 	1 	1 	1 	1 	1 	1 	1 	1 	1 	1 	1 	1 	1 	1 	1 	1 	1 	1 	1 	1 	1 	1 	1 	1 	1 	1 	1 	1 	1 	1 	1 	1 	1 	1 	1 	1 	1 	1 	1 	1 	1 	1 	1 	1 	1 	1 	1 	1 	1 	1 	1 	1 	1 	1 	1 	1 	1 	1 	1 	1 	1 	1 	1 	1 	1 	1 	1.000 	1.000 	1.000 	1.000 	1.000 	1.000 	1.000 	1.000 	1.000 	1.000 	1.000 	1.000 	1.000 	1.000 	1.000 	1.000 	1.000 	1.000 	1.000 	1.000 	1.000 	1.000 	1.000 	1.000 	1.000 	1.000 	: 
M,STK_EUE_MIN_MTH,NR,RO	2 	2 	2 	2 	2 	2 	2 	2 	2 	2 	2 	2 	2 	2 	2 	2 	2 	2 	2 	2 	2 	2 	2 	2 	2 	2 	2 	2 	2 	2 	2 	2 	2 	2 	2 	2 	2 	2 	2 	2 	2 	2 	2 	2 	2 	2 	2 	2 	2 	2 	2 	2 	2 	2 	2 	2 	2 	2 	2 	2 	2 	2 	2 	1 	1 	1 	1 	1 	1 	1 	1 	1 	1 	1 	1 	1 	1 	1 	1 	1 	1 	1 	1 	1 	1 	1 	1 	1 	1 	1 	1 	1 	1 	1 	1 	1 	1 	1 	1 	1 	1 	1 	1 	1 	1 	1 	1 	1 	1 	1 	1 	1 	1 	1 	1 	1 	1 	1 	1 	1 	1 	1 	1 	1 	1 	1 	1 	1 	1 	1 	1 	1 	1 	1 	1.000 	1.000 	1.000 	1.000 	1.000 	1.000 	1.000 	1.000 	1.000 	1.000 	1.000 	1.000 	1.000 	1.000 	1.000 	1.000 	1.000 	1.000 	1.000 	1.000 	1.000 	1.000 	1.000 	1.000 	1.000 	1.000 	: 	: 
M,STK_EUE_MIN_MTH,NR,RS	: 	: 	: 	: 	: 	: 	: 	: 	: 	: 	: 	: 	: 	: 	: 	: 	: 	: 	: 	: 	: 	: 	: 	: 	: 	: 	: 	: 	: 	: 	: 	: 	: 	: 	: 	: 	: 	: 	: 	: 	: 	: 	: 	: 	: 	: 	: 	: 	: 	: 	: 	: 	: 	: 	: 	: 	: 	: 	: 	: 	: 	: 	: 	: 	: 	: 	: 	: 	: 	: 	: 	: 	: 	: 	: 	: 	: 	: 	: 	: 	: 	: 	: 	: 	: 	: 	: 	: 	: 	: 	: 	: 	: 	: 	: 	: 	: 	: 	: 	: 	: 	: 	: 	: 	: 	: 	: 	: 	: 	: 	: 	: 	: 	: 	: 	: 	: 	: 	: 	: 	1 	1 	1 	1 	1 	1 	1 	1 	1 	1 	1 	1 	1.000 	1.000 	1.000 	1.000 	1.000 	1.000 	1.000 	1.000 	1.000 	1.000 	1.000 	1.000 	1.000 	1.000 	1.000 	1.000 	1.000 	1.000 	1.000 	1.000 	1.000 	1.000 	1.000 	1.000 	1.000 	1.000 	1.000 	1.000 	1.000 	: 
M,STK_EUE_MIN_MTH,NR,SE	1 	1 	1 	1 	1 	1 	1 	1 	1 	1 	1 	1 	1 	1 	1 	1 	1 	1 	1 	1 	1 	1 	1 	1 	1 	1 	1 	1 	1 	1 	1 	1 	1 	1 	1 	1 	1 	1 	1 	1 	1 	1 	1 	1 	1 	1 	1 	1 	1 	1 	1 	1 	1 	1 	1 	1 	1 	1 	1 	1 	1 	1 	1 	1 	1 	1 	1 	1 	1 	1 	1 	1 	1 	1 	1 	1 	1 	1 	1 	1 	1 	1 	1 	1 	1 	1 	1 	1 	1 	1 	1 	1 	1 	1 	1 	1 	1 	1 	1 	1 	1 	1 	1 	1 	1 	1 	1 	1 	1 	1 	1 	1 	1 	1 	1 	1 	1 	1 	1 	1 	1 	1 	1 	1 	1 	1 	1 	1 	1 	1 	1 	1 	1 	1.000 	1.000 	1.000 	1.000 	1.000 	1.000 	1.000 	1.000 	1.000 	1.000 	1.000 	1.000 	1.000 	1.000 	1.000 	1.000 	1.000 	1.000 	1.000 	1.000 	1.000 	1.000 	: 	1.000 	1.000 	1.000 	1.000 	1.000 	: 
M,STK_EUE_MIN_MTH,NR,SI	1 	1 	1 	1 	1 	1 	1 	1 	1 	1 	1 	1 	1 	1 	1 	1 	1 	1 	1 	1 	1 	1 	1 	1 	1 	1 	1 	1 	1 	1 	1 	1 	1 	1 	1 	1 	1 	1 	1 	1 	1 	1 	1 	1 	1 	1 	1 	1 	1 	1 	1 	1 	1 	1 	1 	1 	1 	1 	1 	1 	1 	1 	1 	1 	1 	1 	1 	1 	1 	1 	1 	1 	1 	1 	1 	1 	1 	1 	1 	1 	1 	1 	1 	1 	1 	1 	1 	1 	1 	1 	1 	1 	1 	1 	1 	1 	1 	1 	1 	1 	1 	1 	1 	1 	1 	1 	1 	1 	1 	1 	1 	1 	1 	1 	1 	1 	1 	1 	1 	1 	1 	1 	1 	1 	1 	1 	1 	1 	1 	1 	1 	1 	1 	1 	1 	1.000 	1.000 	1.000 	1.000 	1.000 	1.000 	1.000 	1.000 	1.000 	1.000 	1.000 	1.000 	1.000 	1.000 	1.000 	1.000 	1.000 	1.000 	1.000 	1.000 	1.000 	1.000 	1.000 	1.000 	1.000 	1.000 	: 
M,STK_EUE_MIN_MTH,NR,SK	1 	1 	1 	1 	1 	1 	1 	1 	1 	1 	1 	1 	1 	1 	1 	1 	1 	1 	1 	1 	1 	1 	1 	1 	1 	1 	1 	1 	1 	1 	1 	1 	1 	1 	1 	1 	1 	1 	1 	1 	1 	1 	1 	1 	1 	1 	1 	1 	1 	1 	1 	1 	1 	1 	1 	1 	1 	1 	1 	1 	1 	1 	1 	1 	1 	1 	1 	1 	1 	1 	1 	1 	1 	1 	1 	1 	1 	1 	1 	1 	1 	1 	1 	1 	1 	1 	1 	1 	1 	1 	1 	1 	1 	1 	1 	1 	1 	1 	1 	1 	1 	1 	1 	1 	1 	1 	1 	1 	1 	1 	1 	1 	1 	1 	1 	1 	1 	1 	1 	1 	1 	1 	1 	1 	1 	1 p	1 	1 	1 	1 	1 	1 	1.000 	1.000 	1.000 	1.000 	1.000 	1.000 	1.000 	1.000 	1.000 	1.000 	1.000 	1.000 	1.000 	1.000 	1.000 	1.000 	1.000 	1.000 	1.000 	1.000 	1.000 	1.000 	1.000 	1.000 	1.000 	1.000 	1.000 	1.000 	1.000 	: 
M,STK_EUE_MIN_MTH,NR,UK	2 	2 	2 	2 	2 	2 	2 	2 	2 	2 	2 	2 	2 	2 	2 	2 	2 	2 	2 	2 	2 	2 	2 	2 	2 	2 	2 	2 	2 	2 	2 	2 	2 	2 	2 	2 	2 	2 	2 	2 	2 	2 	2 	2 	2 	2 	2 	2 	2 	2 	2 	2 	2 	2 	2 	2 	2 	2 	2 	2 	2 	2 	2 	2 	2 	2 	2 	2 	2 	2 	2 	2 	2 	2 	2 	2 	2 	2 	2 	2 	2 	2 	2 	2 	2 	: 	2 	2 	2 	2 	2 	2 	2 	2 	: 	: 	: 	: 	: 	: 	: 	: 	: 	: 	: 	: 	: 	: 	: 	: 	: 	: 	: 	: 	: 	: 	: 	: 	: 	: 	: 	: 	: 	: 	: 	: 	: 	: 	: 	: 	: 	: 	: 	: 	: 	: 	: 	: 	: 	: 	: 	: 	: 	: 	: 	: 	: 	: 	: 	: 	: 	: 	: 	: 	: 	: 	: 	: 	: 	: 	: 	: 
M,STK_EUE_MTH,NR,AT	2 	2 	2 	2 	2 	2 	2 	2 	2 	2 	2 	2 	2 	2 	2 	2 	2 	2 	2 	2 	2 	2 	2 	2 	2 	2 	2 	2 	2 	2 	2 	2 	2 	2 	2 	2 	2 	2 	2 	2 	2 	2 	2 	2 	2 	2 	2 	2 	2 	2 	2 	2 	2 	2 	2 	2 	2 	2 	2 	2 	2 	2 	2 	2 	2 	2 	2 	2 	2 	2 	2 	2 	2 	2 	2 	2 	2 	2 	2 	2 	2 	2 	2 	2 	2 	2 	2 	2 	2 	2 	2 	2 	2 	2 	2 	2 	2 	2 	2 	2 	2 	2 	2 	2 	2 	2 	2 	2 	2 	2 	2 	2 	2 	2 	2 	2 	2 	2 	2 	2 	2 	2 	2 	2 	2 	2 	2 	2 	2 	2 	2 	2 	2 	2 	2.000 	2.000 	2.000 	2.000 	2.000 	2.000 	2.000 	2.000 	2.000 	2.000 	2.000 	2.000 	2.000 	2.000 	2.000 	2.000 	2.000 	2.000 	2.000 	2.000 	2.000 	2.000 	2.000 	2.000 	2.000 	2.000 	2.000 	2.000 
M,STK_EUE_MTH,NR,BE	2 	2 	2 	2 	2 	2 	2 	2 	2 	2 	2 	2 	2 	2 	2 	2 	2 	2 	2 	2 	2 	2 	2 	2 	2 	2 	2 	2 	2 	2 	2 	2 	2 	2 	2 	2 	2 	2 	2 	2 	2 	2 	2 	2 	2 	2 	2 	2 	2 	2 	2 	2 	2 	2 	2 	2 	2 	2 	2 	2 	2 	2 	2 	2 	2 	2 	2 	2 	2 	2 	2 	2 	2 	2 	2 	2 	2 	2 	2 	2 	2 	2 	2 	2 	2 	2 	2 	2 	2 	2 	2 	2 	2 	2 	2 	2 	2 	2 	2 	2 	2 	2 	2 	2 	2 	2 	2 	2 	2 	2 	2 	2 	2 	2 	2 	2 	2 	2 	2 	2 	2 	2 	2 	2 	2 	2 	2 	2 	2 	2 	2 	2 	2 	2 	2 	2 	2.000 	2.000 	2.000 	2.000 	2.000 	2.000 	2.000 	2.000 	2.000 	2.000 	2.000 	2.000 	2.000 	2.000 	2.000 	2.000 	2.000 	2.000 	2.000 	2.000 	2.000 	2.000 	2.000 	2.000 	2.000 	2.000 
M,STK_EUE_MTH,NR,BG	2 	2 	2 	1 	1 	1 	1 	1 	1 	1 	1 	1 	1 	1 	1 	1 	1 	1 	1 	1 	1 	1 	1 	1 	1 	1 	1 	1 	1 	1 	1 	1 	1 	1 	1 	1 	1 	1 	1 	1 	1 	1 	1 	1 	1 	1 	1 	1 	1 	1 	1 	2 	2 	2 	2 	2 	2 	2 	2 	2 	2 	2 	2 	2 	2 	2 	2 	2 	2 	2 	2 	2 	2 	2 	2 	2 	2 	2 	2 	2 	2 	2 	2 	2 	2 	2 	2 	2 	2 	2 	2 	2 	2 	2 	2 	2 	2 	2 	2 	2 	2 	2 	2 	2 	2 	2 	2 	2 	2 	2 	2 	2 	2 	2 	2 	2 	2 	2 	2 	2 	2 	2 	2 	2 	2 	2 	2 	2 	2 	2 	2 	2 	2 	2 	2 	2 	2.000 	2.000 	2.000 	2.000 	2.000 	2.000 	2.000 	2.000 	2.000 	2.000 	2.000 	2.000 	2.000 	2.000 	2.000 	2.000 	2.000 	2.000 	2.000 	2.000 	2.000 	2.000 	2.000 	2.000 	2.000 	2.000 
M,STK_EUE_MTH,NR,CY	2 	2 	2 	2 	2 	2 	2 	2 	2 	2 	2 	2 	2 	2 	2 	1 	1 	1 	1 	1 	1 	1 	1 	1 	1 	1 	1 	1 	1 	1 	1 	1 	1 	1 	1 	1 	1 	1 	1 	2 	2 	2 	2 	2 	2 	2 	2 	2 	2 	2 	2 	2 	2 	2 	2 	2 	2 	2 	2 	2 	2 	2 	2 	2 	2 	2 	2 	2 	2 	2 	2 	2 	2 	2 	2 	2 	2 	2 	2 	2 	2 	2 	2 	2 	2 	2 	2 	2 	2 	2 	2 	2 	2 	2 	2 	2 	2 	2 	2 	2 	2 	2 	2 	2 	2 	2 	2 	2 	2 	2 	2 	2 	2 	2 	2 	2 	2 	2 	2 	2 	2 	2 	2 	2 	2 	2 	2 	2 	2 	2 	2 	2 	2 	2 	2 	2.000 	2.000 	2.000 	2.000 	2.000 	2.000 	2.000 	2.000 	2.000 	2.000 	2.000 	2.000 	2.000 	2.000 	2.000 	2.000 	2.000 	2.000 	2.000 	2.000 	2.000 	2.000 	2.000 	2.000 	2.000 	2.000 	2.000 
M,STK_EUE_MTH,NR,CZ	2 	2 	2 	2 	2 	2 	2 	2 	2 	2 	2 	2 	2 	2 	2 	2 	2 	2 	2 	2 	2 	2 	2 	2 	2 	2 	2 	2 	2 	2 	2 	2 	2 	2 	2 	2 	2 	2 	2 	2 	2 	2 	2 	2 	2 	2 	2 	2 	2 	2 	2 	2 	2 	2 	2 	2 	2 	2 	2 	2 	2 	2 	2 	1 	1 	1 	2 	2 	2 	2 	2 	2 	2 	2 	2 	2 	2 	2 p	2 	2 	2 	2 	2 	2 	2 	2 	2 	2 	2 	2 	2 	2 	2 	2 	2 	2 	2 	2 	2 	2 	2 	2 	2 	2 	2 	2 	2 	2 	2 	2 	2 	2 	2 	2 	2 	2 	2 	2 	2 	2 	2 	2 	2 	2 	2 	2 	2 	2 	2 	2 	2 	2 	2 	2 	2 	2.000 	2.000 	2.000 	2.000 	2.000 	2.000 	2.000 	2.000 	2.000 	2.000 	2.000 	2.000 	2.000 	2.000 	2.000 	2.000 	2.000 	2.000 	2.000 	2.000 	2.000 	2.000 	2.000 	2.000 	2.000 	2.000 	: 
M,STK_EUE_MTH,NR,DE	2 	2 	2 	2 	2 	2 	2 	2 	2 	2 	2 	2 	2 	2 	2 	2 	2 	2 	2 	2 	2 	2 	2 	2 	2 	2 	2 	2 	2 	2 	2 	2 	2 	2 	2 	2 	2 	2 	2 	2 	2 	2 	2 	2 	2 	2 	2 	2 	2 p	2 p	2 p	2 p	2 p	2 p	2 p	2 p	2 p	2 p	2 p	2 p	2 	2 	2 	2 	2 	2 	2 	2 	2 	2 	2 	2 	1 	1 	1 	1 	1 	1 	1 	1 	1 	1 	1 	1 	2 	2 	2 	2 	2 	2 	2 	2 	2 	2 	2 	2 	2 	2 	2 	2 	2 	2 	2 	2 	2 	2 	2 	2 	2 	2 	2 	2 	2 	2 	2 	2 	2 	2 	2 	2 	2.000 	2.000 	2.000 	2.000 	2.000 	2.000 	2.000 	2.000 	2.000 	2.000 	2.000 	2.000 	2.000 	2.000 	2.000 	2.000 	2.000 	2.000 	2.000 	2.000 	2.000 	2.000 	2.000 	2.000 	2.000 	2.000 	2.000 	2.000 	2.000 	2.000 	2.000 	2.000 	2.000 	2.000 	2.000 	2.000 	2.000 	2.000 	2.000 	2.000 	2.000 	: 
M,STK_EUE_MTH,NR,DK	2 p	2 	2 p	2 p	2 	2 p	2 p	2 p	2 	2 p	2 	2 p	2 	2 	2 	2 	2 	2 	2 	2 	2 	2 	2 	2 	2 	2 	2 	2 	2 	2 	2 p	2 	2 	2 	2 	2 	2 p	2 p	2 	2 	2 p	2 	2 	2 	2 	2 	2 	2 	2 	2 	2 	2 	2 	2 	2 	2 	2 	2 	2 	2 	2 	2 	2 	2 	2 	2 	2 	2 	2 	2 	2 	2 	2 	2 	2 	2 	2 	2 	2 	2 	2 	2 	2 	2 	2 	2 	2 	2 	2 	2 	2 	2 	2 	2 	2 	2 	2 	2 	2 	2 	2 	2 	2 	2 	2 	2 	2 	2 	2 	2 	2 	2 	2 	2 	2 	2 	2 	2 	2 	2 	2 	2 	2 	2 	2 	2 	2 	2 	2 	2 	2 	2 	2.000 	2.000 	2.000 	2.000 	2.000 	2.000 	2.000 	2.000 	2.000 	2.000 	2.000 	2.000 	2.000 	2.000 	2.000 	2.000 	2.000 	2.000 	2.000 	2.000 	2.000 	2.000 	2.000 	2.000 	2.000 	2.000 	2.000 	2.000 	2.000 	: 
M,STK_EUE_MTH,NR,EE	2 	2 	2 	1 	2 	2 	1 	1 	1 	1 	1 	1 	1 	1 	1 	1 	1 	1 	1 	1 	1 	1 	1 	1 	1 	1 	1 	1 	1 	1 	1 	1 	1 	1 	1 	1 	1 	1 	1 	1 	1 	1 	1 	1 p	1 p	1 p	1 p	1 p	1 	1 	1 	1 	1 p	1 p	1 p	1 p	1 p	1 	1 	1 	1 	1 	1 	1 	1 	1 	1 	1 	1 	1 	1 	1 	1 	1 	1 	1 	1 	1 	1 	1 	1 	1 	1 	1 	2 	2 	2 	2 	2 	2 	2 	2 	2 	2 	2 	2 	2 	2 	2 	2 	2 	2 	2 	2 	2 	2 	2 	2 	2 	2 	2 	2 	2 	2 	2 	2 	2 	2 	2 	2 	2 	2 	2 	2 	2 	2.000 	2.000 	2.000 	2.000 	2.000 	2.000 	2.000 	2.000 	2.000 	2.000 	2.000 	2.000 	2.000 	2.000 	2.000 	2.000 	2.000 	2.000 	2.000 	2.000 	2.000 	2.000 	2.000 	2.000 	2.000 	2.000 	2.000 	2.000 	2.000 	2.000 	2.000 	2.000 	2.000 	2.000 	2.000 	2.000 	: 
M,STK_EUE_MTH,NR,EL	1 	1 	1 	1 	1 	1 	1 	1 	1 	1 	1 	1 	1 	1 	1 	1 	1 	1 	1 	1 	1 	1 	1 	1 	1 	1 	1 	1 	1 	1 	1 	1 	1 	1 	1 	1 	1 	1 	1 	1 	1 	1 	1 	1 	1 	1 	1 	1 	1 	1 	1 	1 	1 	1 	1 	1 	1 	1 	1 p	1 p	1 	1 	1 	1 	1 p	1 	1 	1 	1 	1 	1 	1 	1 	1 p	1 	1 p	1 p	1 	1 p	1 	1 	1 	1 p	1 	2 	2 	2 	2 	2 	2 	2 	2 	2 	2 	2 	2 	2 	2 	2 	2 	2 	2 	2 	2 	2 	2 	2 	2 	2 	2 	2 	2 	2 	2 	2 p	2 	2 	2 	2 	2 	2 	2 	2 	2 	2 	2 	2 	2 	2 	2 	2 	2 	2 	2.000 	2.000 	2.000 	2.000 	2.000 	2.000 	2.000 	2.000 	2.000 	2.000 	2.000 	2.000 	2.000 	2.000 	2.000 	2.000 	2.000 	2.000 	2.000 	2.000 	2.000 	2.000 	2.000 	2.000 	2.000 	2.000 	2.000 	2.000 	: 
M,STK_EUE_MTH,NR,ES	1 	1 	1 	1 	1 	1 	1 	1 	1 	1 	1 	1 	1 	1 	1 	1 	1 	1 	1 	1 	1 	1 	1 	1 	1 	1 	1 	1 	1 	1 	1 	1 	1 	1 	1 	1 	1 	1 	1 	1 	1 	1 	1 	1 	1 	1 	1 	1 	1 	1 	1 	1 	1 	1 	1 	1 	1 	1 	1 	1 	1 	1 	1 	1 	1 	1 	1 	1 	1 	1 	1 	1 	1 	1 	1 	1 	1 	1 	1 	1 	1 	1 	1 	1 	1 	1 	1 	1 	1 	1 	1 	1 	1 	1 	1 	1 	1 	1 	1 	1 	1 	1 	1 	1 	1 	1 	1 	1 	1 	1 	1 	1 	1 	1 	1 	1 	1 	1 	1 	1 	2.000 	2.000 	2.000 	2.000 	1.000 	2.000 	2.000 	2.000 	1.000 	1.000 	2.000 	2.000 	1.000 	1.000 	1.000 	1.000 	1.000 	1.000 	2.000 	2.000 	2.000 	2.000 	2.000 	2.000 	2.000 	2.000 	2.000 	2.000 	2.000 	2.000 	2.000 	2.000 	2.000 	2.000 	2.000 	2.000 	2.000 	2.000 	2.000 	2.000 	2.000 	: 
M,STK_EUE_MTH,NR,FI	1 	1 	1 	1 	1 	1 	1 	1 	1 	1 	1 	1 	1 	1 	1 	1 	1 	1 	1 	1 	1 	1 	1 	1 	1 	1 	1 	1 	1 	1 	1 	1 	1 	1 	1 	1 	1 	1 	1 	1 	1 	1 	1 	1 	1 	1 	1 	1 	1 	1 	1 	1 	1 	1 	1 	1 	1 	1 	1 	1 	1 	1 	1 	1 	1 	1 	1 	1 	1 	1 	1 	1 	1 	1 	1 	1 	1 	1 	1 	1 	1 	1 	1 	1 	2 	2 	2 	2 	2 	2 	2 	2 	2 	2 	2 	2 	2 	2 	2 	2 	2 	2 	2 	2 	2 	2 	2 	2 	2 	2 	2 	2 	2 	2 	2 	2 	2 	2 	2 	2 	2 	2 	2 	2 	2 	2 	2 	2 	2 	2 	2 	2 	2 	2 	2 	2 	2.000 	2.000 	2.000 	2.000 	2.000 	2.000 	2.000 	2.000 	2.000 	2.000 	2.000 	2.000 	2.000 	2.000 	2.000 	2.000 	2.000 	: 	: 	2.000 	2.000 	2.000 	2.000 	2.000 	: 	2.000 
M,STK_EUE_MTH,NR,FR	2 	2 	2 	2 	2 	2 	2 	2 	2 	2 	2 	2 	2 	2 	2 	1 	1 	1 	2 	2 	2 	2 	2 	2 	2 	2 	2 	2 	2 	2 	2 	2 	2 	2 	2 	2 	2 	2 	2 	2 	2 	2 	2 	2 	2 	2 	2 	2 	2 	2 	2 	2 	2 	2 	2 	2 	2 	2 	2 	2 	2 	2 	2 	2 	2 	2 	2 	2 	2 	2 	2 	2 	2 	2 	2 	2 	2 	2 	2 	2 	2 	2 	2 	2 	2 	2 	2 	2 	2 	2 	2 	2 	2 	2 	2 	2 	2 	2 	2 	2 	2 	2 	2 	2 	2 	2 	2 	2 	2 	2 	2 	2 	2 	2 	2 	2 	2 	2 	2 	2 	2 	2 	2 	2 	2 	2 	2 	2 	2 	2 	2 	2 	2 	2 	2 	2.000 	2.000 	2.000 	2.000 	2.000 	2.000 	2.000 	2.000 	2.000 	2.000 	2.000 	2.000 	2.000 	2.000 	2.000 	2.000 	2.000 	2.000 	2.000 	2.000 	2.000 	2.000 	2.000 	2.000 	2.000 	2.000 	: 
M,STK_EUE_MTH,NR,HR	1 	1 	1 	1 	1 	1 	1 	1 	1 	1 	1 	1 	2 	2 	2 	2 	2 	2 	2 	2 	2 	2 	2 	2 	2 	2 	2 	2 	2 	2 	2 	2 	2 	2 	2 	2 	2 	2 	2 	2 	2 	2 	2 	2 	2 	2 	2 	2 	2 	2 	2 	2 	2 	2 	2 	2 	2 	2 	2 	2 	2 	2 	2 	2 	2 	2 	2 	2 	2 	2 	2 	2 	2 	2 	2 	2 	2 	2 	2 	2 	2 	2 	2 	2 	2 	2 	2 	2 	2 	2 	2 	2 	2 	2 	2 	2 	2 	2 	2 	2 	2 	2 	2 	2 	2 	2 	2 	2 	2 	2 	2 	2 	2 	2 	2 	2 	2 	2 	2 	2 	2 	2 	2 	2 	2 	2 	2 	2 	2 	2 	2 	2 	2 	2 	2 	2.000 	2.000 	2.000 	2.000 	2.000 	2.000 	2.000 	2.000 	2.000 	2.000 	2.000 	2.000 	2.000 	2.000 	2.000 	2.000 	2.000 	2.000 	2.000 	2.000 	2.000 	2.000 	2.000 	2.000 	2.000 	2.000 	2.000 
M,STK_EUE_MTH,NR,HU	2 	2 	2 	2 	1 	1 	1 	1 	1 	1 	1 	1 	2 p	2 	2 	2 	2 	2 	2 	2 	2 	2 	2 	2 p	2 	2 	2 	2 	2 	2 	2 	2 	2 	2 	2 	2 p	2 	2 	2 	2 	2 	2 	2 	2 p	2 	2 	2 	2 	2 	2 	2 	2 	2 	2 	2 	2 	2 	2 	2 	2 	2 	2 	2 	2 	2 	2 	2 	2 	2 	2 	2 	2 	2 	2 	2 	2 	2 	2 	2 	2 	2 	2 	2 	2 	2 	2 	2 	2 	2 	2 	2 	2 	2 	2 	2 	2 	2 	2 	2 	2 	2 	2 	2 	2 	2 	2 	2 	2 	2 	2 	2 	2 	2 	2 	2 	2 	2 	2 	2 	2 	2 	2 	2 	2 	2 	2 	2 	2 	2 	2 	2 	2 	2 	2 	2 	2.000 	2.000 	2.000 	2.000 	2.000 	2.000 	2.000 	2.000 	2.000 	2.000 	2.000 	2.000 	2.000 	2.000 	2.000 	2.000 	2.000 	2.000 	2.000 	2.000 	2.000 	2.000 	2.000 	2.000 	2.000 	2.000 	: 
M,STK_EUE_MTH,NR,IE	2 	2 	2 	2 	2 	2 	2 	2 	2 	2 p	2 	2 	2 	2 	2 	2 	2 	2 	2 	2 	2 	2 	2 	2 	2 	2 	2 	2 	2 	2 	2 	2 	2 	2 	2 	2 	2 	2 	2 	2 	2 	2 	2 	2 	2 	1 	1 	1 p	2 	1 	1 	2 	2 	2 	2 	1 	1 	2 	2 	2 	2 	2 	2 	2 	2 	2 	2 	2 	2 	2 	2 	2 	2 	2 	2 	2 	2 	2 	2 	2 	2 	2 	2 	2 	2 	2 	2 	2 	2 	2 	2 	2 	2 	2 	2 	2 	2 	2 	2 	2 	2 	2 	2 	2 	2 	2 	2 	2 	2 	2 	2 	2 	2 	2 	2 p	2 p	2 p	2 	2 	2 	2 	2 	2 	2 	2 	2 	2 	2 	2 	2 	2 	2 	2 	2 	2 	2.000 	2.000 	2.000 	2.000 	2.000 	2.000 	2.000 	2.000 	2.000 	2.000 	2.000 	2.000 	2.000 	2.000 	2.000 	2.000 	2.000 	2.000 	2.000 	2.000 	2.000 	2.000 	2.000 	2.000 	2.000 	2.000 	: 
M,STK_EUE_MTH,NR,IT	1 	1 	1 	1 	1 	1 	1 	1 	1 	1 	1 	1 	1 	1 	1 	1 	1 	1 	1 	1 	1 	1 	1 	1 	1 	1 	1 	1 	1 	1 	1 	1 	1 	1 	1 	1 	1 	1 	1 	1 	1 	1 	1 	1 	1 	1 	1 	1 	1 	1 	1 	1 	1 	1 	1 	1 	1 	1 	1 	1 	1 	1 	1 	1 	1 	1 	1 	1 	1 	1 	1 	1 	1 	1 	1 	1 	1 	1 	1 	1 	1 	1 	1 	1 	1 	1 	1 	1 	1 	1 	1 	1 	1 	1 	1 	1 	1 	1 	1 	1 	1 	1 	1 	1 	1 	1 	1 	1 	1 	1 	1 	1 	1 	1 	1 	1 	1 	1 	1 	1 	1 	1 	1 	1 	1 	1 	1 p	1 	1 	1 	1 	1 	1.000 	1.000 	1.000 	1.000 	1.000 	1.000 	1.000 	1.000 	1.000 	1.000 	1.000 	1.000 	1.000 	1.000 	1.000 	1.000 	1.000 	1.000 	1.000 	1.000 	1.000 	1.000 	1.000 	1.000 	1.000 	1.000 	1.000 	1.000 	1.000 	: 
M,STK_EUE_MTH,NR,LT	1 	1 	1 	1 	1 	1 	1 	1 	1 	1 	1 	1 	1 	1 	1 	1 	1 	1 	1 	1 	1 	1 	1 	1 	1 	1 	1 	1 	1 	1 	1 	1 	1 	1 	1 	1 	1 	1 	1 	1 	1 	1 	1 	1 	1 	1 	1 	1 	1 	1 	1 	1 	1 	1 	1 	1 	1 	1 	1 	1 	1 	1 	1 	1 	1 	1 	1 	1 	1 	1 	1 	1 	1 	1 	1 	1 	1 	1 	1 	1 	1 	1 	1 	1 	1 	1 	1 	1 	1 	1 	1 	1 	1 	1 	1 	1 	1 	1 	1 	1 	1 	1 	1 	1 	1 	1 	1 	1 	1 	1 	1 	1 	1 	1 	1 	1 	1 	1 	1 	1 	1 	1 	1 	1 	1 	1 	1 	1 	1 	1 	1 	1 	1 	1 	1 	1.000 	1.000 	1.000 	1.000 	1.000 	1.000 	1.000 	1.000 	1.000 	1.000 	1.000 	1.000 	1.000 	1.000 	1.000 	1.000 	1.000 	1.000 	1.000 	1.000 	1.000 	1.000 	2.000 	2.000 	2.000 	2.000 	: 
M,STK_EUE_MTH,NR,LU	2 	2 	2 	2 	2 	2 	2 	2 	2 	2 	2 	2 	2 	2 	2 	2 	2 	2 	2 	2 	2 	2 	2 	2 	2 	2 	2 	2 	2 	2 	2 	2 	2 	2 	2 	2 	2 	2 	2 	2 	2 	2 	2 	2 	2 	2 	2 	2 	2 	2 	2 	2 	2 	2 	2 	2 	2 	2 	2 	2 	2 	2 	2 	2 	2 	2 	2 	2 	2 	2 	2 	2 p	2 	2 	2 	2 	2 	2 	2 	2 	2 	2 	2 	2 	2 	2 	2 	2 	2 	2 	2 	2 	2 	2 	2 	2 	2 	2 	2 	2 	2 	2 	2 	2 	2 	2 	2 	2 	2 	2 	2 	2 	2 	2 	2 	2 	2 	2 	2 	2 	2 	2 	2 	2 	2 	2 	2 	2 	2 	2 	2 	2 	2.000 	2.000 	2.000 	2.000 	2.000 	2.000 	2.000 	2.000 	2.000 	2.000 	2.000 	2.000 	2.000 	2.000 	2.000 	2.000 	2.000 	2.000 	2.000 	2.000 	2.000 	2.000 	2.000 	2.000 	2.000 	2.000 	2.000 	2.000 	2.000 	: 
M,STK_EUE_MTH,NR,LV	2 	2 	2 	2 	2 	2 	2 	2 	2 	2 	2 	2 	2 	2 	2 	2 	2 	2 	2 	2 	2 	2 	2 	2 	2 	2 	2 	2 	2 	2 	2 	2 	2 	2 	2 	2 	2 	2 	2 	2 	2 	2 	2 	2 	2 	2 	2 	2 	2 	2 	2 	2 	2 	2 	2 	2 	2 	2 	2 	2 	2 	2 	2 	2 	2 	2 	2 	2 	2 	2 	2 	2 	2 	2 	2 	2 	2 	2 	2 	2 	2 	2 	2 	2 	2 	2 	2 	2 	2 	2 	2 	2 	2 	2 	2 	2 	2 	2 	2 	2 	2 	2 	2 	2 	2 	2 	2 	2 	2 	2 	2 	2 	2 	2 	2 	2 	2 	2 	2 	2 	2 	2 	2 	2 	2 	2 	2 	2 	2 	2 	2 	2 	2.000 	2 	2 	2.000 	2.000 	2.000 	2.000 	2.000 	2.000 	2.000 	2.000 	2.000 	2.000 	2.000 	2.000 	2.000 	2.000 	2.000 	2.000 	2.000 	2.000 	2.000 	2.000 	2.000 	2.000 	2.000 	2.000 	2.000 	2.000 	: 
M,STK_EUE_MTH,NR,MK	: 	: 	: 	: 	: 	: 	: 	: 	: 	: 	: 	: 	: 	: 	: 	: 	: 	: 	: 	: 	: 	: 	: 	: 	: 	: 	: 	: 	: 	: 	: 	: 	: 	: 	: 	: 	: 	: 	: 	: 	: 	: 	: 	: 	: 	: 	: 	: 	: 	: 	: 	: 	: 	: 	: 	: 	: 	: 	: 	: 	: 	: 	: 	: 	: 	: 	: 	: 	: 	: 	: 	: 	: 	: 	: 	: 	: 	: 	: 	: 	: 	: 	: 	: 	: 	: 	: 	: 	: 	: 	: 	: 	: 	: 	: 	: 	: 	: 	: 	: 	: 	: 	: 	: 	: 	: 	: 	: 	: 	: 	: 	: 	: 	: 	: 	2 	2 	2 	2 	2 	2 	2 	2 	2 	2 	2 	2 	2 	2 	2 	2 	2 	2.000 	2.000 	2.000 	2.000 	2.000 	2.000 	2.000 	2.000 	2.000 	2.000 	2.000 	: 	: 	: 	: 	: 	: 	: 	: 	: 	: 	: 	: 	: 	: 	: 	: 	: 	: 	: 
M,STK_EUE_MTH,NR,MT	1 	1 	1 	1 	1 	1 	1 	1 	1 	1 	1 	1 	1 	1 	1 	2 	2 	2 	2 	2 	2 	2 	2 p	2 	2 	2 	2 	2 	2 	2 	2 	2 	2 	2 	2 	2 	2 	2 	2 	2 	2 	2 	2 	2 	2 	2 	2 	2 	2 	2 	2 	2 	2 	2 	2 	2 	2 	2 	2 	2 	2 	2 	2 	1 	1 	1 	1 	1 	1 	1 	1 	1 	1 p	1 	1 	1 	1 	1 	1 	1 	1 	1 	1 	1 	2 	2 	2 	2 	2 	2 	2 	2 	2 	2 	2 	2 	2 	2 	2 	2 	2 	2 	2 	2 	2 	2 	2 	2 	2 	2 	2 	2 	2 	2 	2 	2 	2 	2 	2 	2 	2 	2 	2 	2 	2 	2 	2 	2 	2 	2 	2 	2 	2 	2 	2 	2.000 	2.000 	2.000 	2.000 	2.000 	2.000 	2.000 	2.000 	2.000 	2.000 	2.000 	2.000 	2.000 	2.000 	2.000 	2.000 	2.000 	2.000 	2.000 	2.000 	2.000 	2.000 	2.000 	2.000 	2.000 	2.000 	: 
M,STK_EUE_MTH,NR,NL	2 p	2 p	2 p	2 p	2 p	2 p	2 p	2 p	2 p	2 p	2 p	2 p	2 p	2 p	2 p	2 p	2 p	2 p	2 p	2 p	2 	2 p	2 p	2 p	2 p	2 p	2 p	2 p	2 p	2 p	2 p	1 p	2 p	2 p	2 p	2 p	2 p	2 p	2 p	2 p	2 p	2 p	2 p	2 p	2 p	2 p	2 p	2 p	2 p	2 p	2 p	2 p	2 p	2 p	2 p	2 p	2 p	2 p	2 p	2 p	2 	2 	2 	2 	2 	2 	2 	2 	2 	2 	2 	2 	2 	2 	2 	2 	2 p	2 p	1 p	1 p	1 p	1 p	1 p	2 	2 	2 	2 	2 	2 	2 	2 	2 	2 	2 	2 	2 	2 	2 	2 	2 	2 	2 	2 	2 	2 	2 	2 	2 	2 	2 	2 	2 	2 	2 	2 	2 	2 	2 	2 p	2 p	2 	2 	2 	2 	2 	2 	2.000 	2 	2 	2 	2 	2 	2.000 	2.000 	2.000 	2.000 	2.000 	2.000 	2.000 	2.000 	2.000 	2.000 	2.000 	2.000 	2.000 	2.000 	2.000 	2.000 	2.000 	2.000 	2.000 	2.000 	2.000 	2.000 	2.000 	2.000 	2.000 	2.000 	2.000 	: 	: 	: 
M,STK_EUE_MTH,NR,PL	2 	2 	2 	2 	2 	2 	2 	2 	2 	2 	2 	2 	2 	2 	2 	2 	2 	2 	2 	2 	2 	2 	2 	2 	2 	2 	2 	2 	2 	2 	2 	2 	2 	2 	2 	2 	1 	1 	1 	1 	1 	1 	1 	1 	1 	1 	1 	1 	1 	1 	1 	2 	2 	2 	2 	2 	2 	2 	2 	2 	2 	2 	2 	2 	2 	2 	2 	2 	2 	2 	2 	2 	2 	2 	2 	2 	2 	2 	2 	2 	2 	2 	2 	2 	2 	2 	2 	2 	2 	2 	2 	2 	2 	2 	2 	2 	2 	2 	2 	2 	2 	2 	2 	2 	2 	2 	2 	2 	2 	2 	2 	2 	2 	2 	2 p	2 	2 	2 	2 	2 	2 	2 	2 	2 	2 	2 	2 	2 	2 	2 	2 	2 	2 	2 	2.000 	2.000 	2.000 	2.000 	2.000 	2.000 	2.000 	2.000 	2.000 	2.000 	2.000 	2.000 	2.000 	2.000 	2.000 	2.000 	2.000 	2.000 	2.000 	2.000 	2.000 	2.000 	2.000 	2.000 	2.000 	2.000 	2.000 	: 
M,STK_EUE_MTH,NR,PT	1 	1 	1 	1 	1 	1 	1 	1 	1 	1 	1 	1 	1 	1 	1 	1 	1 	1 	1 	1 	1 	1 	1 	1 	1 	1 	1 	1 	1 	1 	1 	1 	1 	1 	1 	1 	1 	1 	1 	1 p	1 	1 	1 	1 	1 	1 	1 	1 	1 	1 p	1 p	1 	1 	1 	1 	1 	1 	1 	1 	1 	1 	1 	1 	1 	1 	1 	1 	1 	1 	1 	1 	1 	1 	1 	1 	1 	1 	1 	1 	1 	1 	1 	1 	1 	2 	2 	2 	2 	2 	2 	2 	2 	2 	2 	2 	2 	2 	2 	2 	2 	2 	2 	2 	2 	2 	2 	2 	2 	2 	2 	2 	2 	2 	2 	2 	1 	1 	2 	2 	2 	2 	2 	2 	2 	2 	2 	1 	1 	1 	1 	1 	1 	1 	1 	1 	1.000 	1.000 	1.000 	1.000 	1.000 	1.000 	1.000 	1.000 	1.000 	1.000 	1.000 	1.000 	1.000 	1.000 	1.000 	1.000 	1.000 	1.000 	1.000 	1.000 	1.000 	1.000 	1.000 	1.000 	1.000 	1.000 	: 
M,STK_EUE_MTH,NR,RO	2 	2 	2 	2 	2 	2 	2 	2 	2 	2 	2 	2 	2 	2 	2 	2 	2 	2 	2 	2 	2 	2 	2 	2 	2 p	2 	2 	2 	2 	2 	2 	2 	2 	2 	2 	2 	2 	2 	2 	2 	2 	2 	2 	2 	2 	2 	2 	2 	2 	2 	2 	2 	2 	2 	2 	2 	2 	2 	2 	2 	2 	2 	2 	2 	2 	2 	2 	2 	2 	2 	2 	2 	2 	2 	2 	2 	2 	2 	2 	2 	2 	2 	2 	2 	2 	2 	2 	2 	2 	2 	2 	2 	2 	2 	2 	2 	2 	2 	2 	2 	2 	2 	2 	2 	2 	2 	2 	2 	2 	2 	2 	2 	2 	2 	2 	2 	2 	2 	2 	2 	2 	2 	2 	2 	2 	2 	2 	2 	2 	2 	2 	2 	2 	2 	2.000 	2.000 	2.000 	2.000 	2.000 	2.000 	2.000 	2.000 	2.000 	2.000 	2.000 	2.000 	2.000 	2.000 	2.000 	2.000 	2.000 	2.000 	2.000 	2.000 	2.000 	2.000 	2.000 	2.000 	2.000 	2.000 	: 	: 
M,STK_EUE_MTH,NR,RS	: 	: 	: 	: 	: 	: 	: 	: 	: 	: 	: 	: 	: 	: 	: 	: 	: 	: 	: 	: 	: 	: 	: 	: 	: 	: 	: 	: 	: 	: 	: 	: 	: 	: 	: 	: 	: 	: 	: 	: 	: 	: 	: 	: 	: 	: 	: 	: 	: 	: 	: 	: 	: 	: 	: 	: 	: 	: 	: 	: 	: 	: 	: 	: 	: 	: 	: 	: 	: 	: 	: 	: 	: 	: 	: 	: 	: 	: 	: 	: 	: 	: 	: 	: 	: 	: 	: 	: 	: 	: 	: 	: 	: 	: 	: 	: 	: 	: 	: 	: 	: 	: 	: 	: 	: 	: 	: 	: 	: 	: 	: 	: 	: 	: 	: 	: 	: 	: 	: 	: 	2 	2 	2 	2 	2 	2 	2 	2 	2 	2 	2 	2 	2.000 	2.000 	2.000 	2.000 	2.000 	2.000 	2.000 	2.000 	2.000 	2.000 	2.000 	2.000 	2.000 	2.000 	2.000 	2.000 	2.000 	2.000 	2.000 	2.000 	2.000 	2.000 	2.000 	2.000 	2.000 	2.000 	2.000 	2.000 	2.000 	: 
M,STK_EUE_MTH,NR,SE	1 p	2 p	2 p	2 p	2 p	2 p	2 p	2 p	2 p	2 p	2 p	2 p	2 p	2 p	2 p	2 p	2 p	2 p	2 p	2 p	2 p	2 p	2 p	2 p	2 p	2 p	2 p	2 p	2 p	2 p	2 p	2 p	2 p	2 p	2 	2 	2 p	2 	2 	2 	2 p	2 	2 	2 	2 	2 	2 	2 p	2 	2 	2 	2 	2 	2 	2 	2 	2 	2 	2 p	2 p	2 p	2 p	2 p	2 	2 p	2 p	2 p	2 	2 	2 	2 	2 	2 	2 	2 	2 p	2 	2 	2 p	2 	2 	2 	2 	1 	2 	2 	2 	2 	2 	2 	2 	2 	2 	2 	2 	2 	2 	2 	2 	2 	2 	2 	2 	2 	2 	2 	2 	2 	2 	2 	2 	2 	2 	2 	2 	2 	2 	2 	2 	2 	2 	2 	2 	2 	2 	2 	2 	2 	2 	2 	2 	2 	2 	2.000 	2.000 	2.000 	2.000 	2.000 	2.000 	2.000 	2.000 	2.000 	2.000 	2.000 	1.000 	1.000 	1.000 	1.000 	2.000 	2.000 	2.000 	2.000 	2.000 	2.000 	2.000 	: 	2.000 	2.000 	2.000 	2.000 	2.000 	: 
M,STK_EUE_MTH,NR,SI	2 	2 	2 	2 	2 	2 	2 	2 	2 	2 	2 	2 	2 	2 	2 	2 	2 	2 	2 	2 	2 	2 	2 	2 	2 	2 	2 	2 	2 	2 	2 	2 	2 	2 	2 	2 	2 	2 	2 	2 	2 	2 	2 	2 	2 	2 	2 	2 	2 	2 	2 	2 	2 	2 	2 	2 	2 	2 	2 	2 	2 	2 	2 	2 	2 	2 	2 	2 	2 	2 	2 	2 	2 	2 	2 	2 	2 	2 	2 	2 	2 	2 	2 	2 	2 	2 	2 	2 	2 	2 	2 	2 	2 	2 	2 	2 	2 	2 	2 	2 	2 	2 	2 	2 	2 	2 	2 	2 	2 	2 	2 	2 	2 	2 	2 	2 	2 	2 	2 	2 	2 	2 	2 	2 	2 	2 	2 	2 	2 	2 	2 	2 	2 	2 	2 	2.000 	2.000 	2.000 	2.000 	2.000 	2.000 	2.000 	2.000 	2.000 	2.000 	2.000 	2.000 	2.000 	2.000 	2.000 	2.000 	2.000 	2.000 	2.000 	2.000 	2.000 	2.000 	2.000 	2.000 	2.000 	2.000 	: 
M,STK_EUE_MTH,NR,SK	2 	2 	2 	2 	2 	2 	2 	2 	2 	2 	2 	2 	2 	2 	2 	2 	2 	2 	2 	2 	2 	2 	2 	2 	2 	2 	2 	2 	2 	2 	2 	2 	2 	2 	2 	2 	2 	2 	2 	2 	2 	2 	2 	2 	2 	2 	2 	2 	2 	2 	2 	2 	2 	2 	2 	2 	2 	2 	2 	2 	2 	2 	2 	2 	2 	2 	2 	2 	2 	2 	2 	2 	2 	2 	2 	2 	2 	2 	2 	2 	2 	2 	2 	2 	2 	2 	2 	2 	2 	2 	2 	2 	2 	2 	2 	2 	2 	2 	2 	2 	2 	2 	2 	2 	2 	2 	2 	2 	2 	2 	2 	2 	2 	2 	2 	2 	2 	2 	2 	2 	2 	2 	2 	2 	2 	2 p	2 	2 	2 	2 	2 	2 	2.000 	2.000 	2.000 	2.000 	2.000 	2.000 	2.000 	2.000 	2.000 	2.000 	2.000 	2.000 	2.000 	2.000 	2.000 	2.000 	2.000 	2.000 	2.000 	2.000 	2.000 	2.000 	2.000 	2.000 	2.000 	2.000 	2.000 	2.000 	2.000 	: 
M,STK_EUE_MTH,NR,UK	1 	1 	1 	1 	1 	1 	1 	1 	1 	1 	1 	1 	1 	1 	1 	1 	1 	1 	1 	1 	1 	1 	1 	1 	1 	1 	1 	1 	1 	1 	1 	1 	1 	1 	1 	1 	1 	1 	1 	1 	1 	1 	1 	1 p	1 p	1 	1 p	1 p	1 	1 	1 	1 	1 	1 	1 	1 	1 	1 p	1 p	1 	1 	1 	1 	1 	1 	1 	1 	1 	1 	1 	1 	1 	1 	1 	1 	1 	1 	1 	1 	1 p	1 p	1 	1 	1 	2 	: 	1 	1 	1 	1 	1 	1 	1 	1 	: 	: 	: 	: 	: 	: 	: 	: 	: 	: 	: 	: 	: 	: 	: 	: 	: 	: 	: 	: 	: 	: 	: 	: 	: 	: 	: 	: 	: 	: 	: 	: 	: 	: 	: 	: 	: 	: 	: 	: 	: 	: 	: 	: 	: 	: 	: 	: 	: 	: 	: 	: 	: 	: 	: 	: 	: 	: 	: 	: 	: 	: 	: 	: 	: 	: 	: 	: 
M,STK_MIN_CAL,THS_T,AL	: 	: 	: 	: 	: 	: 	: 	: 	: 	: 	: 	: 	: 	: 	: 	: 	: 	: 	: 	: 	: 	: 	: 	: 	: 	: 	: 	: 	: 	: 	: 	: 	: 	: 	: 	: 	: 	: 	: 	: 	: 	: 	: 	: 	: 	: 	: 	: 	: 	: 	: 	: 	: 	: 	: 	: 	: 	: 	: 	: 	: 	: 	: 	: 	: 	: 	: 	: 	: 	: 	: 	: 	: 	: 	: 	: 	: 	: 	: 	: 	: 	: 	: 	: 	: 	: 	: 	: 	: 	: 	: 	: 	: 	: 	: 	0.000 	0.000 	0.000 	0.000 	0.000 	0.000 	0.000 	0.000 	0.000 	0.000 	0.000 	0.000 	0.000 	0.000 	0.000 	0.000 	0.000 	0.000 	0.000 	0.000 	0.000 	0.000 	0.000 	0.000 	0.000 	0.000 	0.000 	0.000 	0.000 	0.000 	0.000 	0.000 	0.000 	0.000 	0.000 	0.000 	0.000 	0.000 	0.000 	0.000 	0.000 	0.000 	0.000 	0.000 	0.000 	0.000 	0.000 	0.000 	0.000 	0.000 	0.000 	0.000 	0.000 	0.000 	0.000 	0.000 	0.000 	0.000 	0.000 	0.000 	0.000 	0.000 	0.000 	0.000 	0.000 	0.000 	: 
M,STK_MIN_CAL,THS_T,AT	2868.000 	2868.000 	2868.000 	2628.000 	2628.000 	2628.000 	2628.000 	2628.000 	2628.000 	2628.000 	2628.000 	2628.000 	2628.000 	2628.000 	2628.000 	2696.000 	2696.000 	2696.000 	2696.000 	2696.000 	2696.000 	2696.000 	2696.000 	2696.000 	2696.000 	2696.000 	2696.000 	2528.000 	2528.000 	2528.000 	2528.000 	2528.000 	2528.000 	2528.000 	2528.000 	2528.000 	2528.000 	2528.000 	2528.000 	2585.000 	2585.000 	2585.000 	2585.000 	2585.000 	2585.000 	2585.000 	2585.000 	2585.000 	2585.000 	2585.000 	2585.000 	2678.000 	2678.000 	2678.000 	2678.000 	2678.000 	2678.000 	2678.000 	2678.000 	2678.000 	2678.000 	2678.000 	2678.000 	2751.000 	2751.000 	2751.000 	2751.000 	2751.000 	2751.000 	2751.000 	2751.000 	2751.000 	2751.000 	2751.000 	2751.000 	2766.000 	2766.000 	2766.000 	2766.000 	2766.000 	2766.000 	2766.205 	2766.205 	2766.205 	2766.205 	2766.205 	2766.205 	2766.205 	2766.205 	2766.205 	2811.610 	2811.610 	2811.610 	2811.610 	2811.610 	2811.610 	2811.610 	2811.610 	2811.610 	2811.610 	2811.610 	2811.610 	2369.532 	2369.532 	2369.532 	2369.532 	2369.532 	2369.532 	2369.532 	2369.532 	2369.532 	2369.532 	2369.532 	2369.532 	2476.584 	2476.584 	2476.584 	2476.584 	2476.584 	2476.584 	2476.584 	2476.584 	2476.584 	2476.584 	2476.584 	2476.584 	2518.530 	2518.530 	2518.530 	2518.530 	2518.530 	2518.530 	2518.530 	2518.530 	2518.530 	2518.530 	2518.530 	2518.530 	2494.336 	2494.336 	2494.336 	2494.336 	2494.336 	2494.336 	2494.336 	2494.336 	2494.336 	2494.336 	2494.336 	2494.336 	2381.305 	2381.305 	2381.305 	2381.305 	2381.305 	2381.305 	2381.305 	2381.305 	2381.305 	2381.305 	2381.305 	2381.305 
M,STK_MIN_CAL,THS_T,BE	4417.000 	4417.000 	4417.000 	4318.000 	4318.000 	4318.000 	4318.000 	4318.000 	4318.000 	4318.000 	4318.000 	4318.000 	4318.000 	4318.000 	4318.000 	3470.000 	3470.000 	3470.000 	3470.000 	3470.000 	3470.000 	3470.000 	3470.000 	3470.000 	3470.000 	3470.000 	3470.000 	3420.000 	3420.000 	3420.000 	3420.000 	3420.000 	3420.000 	3420.000 	3420.000 	3420.000 	3420.000 	3420.000 	3420.000 	4731.000 	4731.000 	4731.000 	4731.000 	4731.000 	4731.000 	4731.000 	4731.000 	4731.000 	4731.000 	4731.000 	4731.000 	3492.000 	3492.000 	3492.000 	3492.000 	3492.000 	3492.000 	3492.000 	3492.000 	3492.000 	3492.000 	3492.000 	3492.000 	4397.000 	4397.000 	4397.000 	4397.000 	4397.000 	4397.000 	4397.000 	4397.000 	4397.000 	4397.000 	4397.000 	4397.000 	3571.000 	3571.000 	3571.000 	3571.000 	3571.000 	3571.000 	3571.000 	3571.000 	3571.000 	3570.754 	3570.754 	3570.754 	3570.754 	3570.754 	3570.754 	3763.394 	3763.394 	3763.394 	3763.394 	3763.394 	3763.394 	3763.394 	3763.394 	3763.394 	3763.394 	3763.394 	3763.394 	3753.112 	3753.112 	3753.112 	3090.888 	3090.888 	3090.888 	3090.888 	3090.888 	3090.888 	3090.888 	3090.888 	3090.888 	3193.857 	3193.857 	3193.857 	3193.857 	3193.857 	3193.857 	3193.857 	3193.857 	3193.857 	3193.857 	3193.857 	3193.857 	3307.133 	3307.133 	3307.133 	3307.133 	3307.133 	3307.133 	3307.133 	3307.133 	3307.133 	3307.133 	3307.133 	3307.133 	3537.310 	3537.310 	3537.310 	3537.310 	3537.310 	3537.310 	3537.310 	3537.310 	3537.310 	3537.310 	3537.310 	3537.310 	3436.770 	3436.770 	3436.770 	3436.770 	3436.770 	3436.770 	3436.770 	3436.770 	3436.770 	3436.770 	3436.770 	3436.770 
M,STK_MIN_CAL,THS_T,BG	828.000 	828.000 	828.000 	918.000 	918.000 	918.000 	918.000 	918.000 	918.000 	918.000 	918.000 	918.000 	918.000 	918.000 	918.000 	869.000 	869.000 	869.000 	869.000 	869.000 	869.000 	869.000 	869.000 	869.000 	869.000 	869.000 	869.000 	931.000 	931.000 	931.000 	931.000 	931.000 	931.000 	931.000 	931.000 	931.000 	931.000 	931.000 	931.000 	992.000 	992.000 	992.000 	992.000 	992.000 	992.000 	992.000 	992.000 	992.000 	992.000 	992.000 	992.000 	1039.000 	1039.000 	1039.000 	1039.000 	1039.000 	1039.000 	1039.000 	1039.000 	1039.000 	1039.000 	1039.000 	1039.000 	1145.000 	1145.000 	1145.000 	1145.000 	1145.000 	1145.000 	1145.000 	1145.000 	1145.000 	1145.000 	1145.000 	1145.000 	1139.000 	1139.000 	1139.000 	1139.000 	1139.000 	1139.000 	1139.000 	1139.000 	1139.000 	1112.280 	1112.280 	1112.280 	1112.280 	1112.280 	1112.280 	1163.081 	1163.081 	1163.081 	1163.081 	1163.081 	1163.081 	1163.081 	1163.081 	1163.081 	1163.081 	1163.081 	1163.081 	1050.333 	1050.333 	1050.333 	1050.333 	1050.333 	1050.333 	1050.333 	1050.333 	1050.333 	1050.333 	1050.333 	1050.333 	1142.838 	1142.838 	1142.838 	1142.838 	1142.838 	1142.838 	1142.838 	1142.838 	1142.838 	1142.838 	1142.838 	1142.838 	1186.136 	1186.136 	1186.136 	1186.136 	1186.136 	1186.136 	1186.136 	1186.136 	1186.136 	1186.136 	1186.136 	1186.136 	1172.393 	1172.393 	1172.393 	1172.393 	1172.393 	1172.393 	1172.393 	1172.393 	1172.393 	1172.393 	1172.393 	1172.393 	1204.362 	1204.362 	1204.362 	1204.362 	1204.362 	1204.362 	1204.362 	1204.362 	1204.362 	1204.362 	1204.362 	1204.362 
M,STK_MIN_CAL,THS_T,CY	656.000 	656.000 	656.000 	621.000 	621.000 	621.000 	621.000 	621.000 	621.000 	621.000 	621.000 	621.000 	621.000 	621.000 	621.000 	527.000 	527.000 	527.000 	527.000 	527.000 	527.000 	527.000 	527.000 	527.000 	527.000 	527.000 	527.000 	554.000 	554.000 	554.000 	554.000 	554.000 	554.000 	554.000 	554.000 	554.000 	554.000 	554.000 	554.000 	587.000 	587.000 	587.000 	587.000 	587.000 	587.000 	587.000 	587.000 	587.000 	587.000 	587.000 	587.000 	621.000 	621.000 	621.000 	621.000 	621.000 	621.000 	621.000 	621.000 	621.000 	621.000 	621.000 	621.000 	638.000 	638.000 	638.000 	638.000 	638.000 	638.000 	638.000 	638.000 	638.000 	638.000 	638.000 	638.000 	617.000 	617.000 	617.000 	617.000 	617.000 	617.000 	617.000 	617.000 	617.000 	616.854 	616.854 	616.854 	616.854 	616.854 	616.854 	618.138 	618.138 	618.138 	618.138 	618.138 	618.138 	618.138 	618.138 	618.138 	618.138 	618.138 	618.138 	508.739 	508.739 	508.739 	508.739 	508.739 	508.739 	508.739 	508.739 	508.739 	508.739 	508.739 	508.739 	547.756 	547.756 	547.756 	547.756 	547.756 	547.756 	547.756 	547.756 	547.756 	547.756 	547.756 	547.756 	569.867 	569.867 	569.867 	569.867 	569.867 	569.867 	569.867 	569.867 	569.867 	569.867 	569.867 	569.867 	571.260 	571.260 	571.260 	571.260 	571.260 	571.260 	571.260 	571.260 	571.260 	571.260 	571.260 	571.260 	579.559 	579.559 	579.559 	579.559 	579.559 	579.559 	579.559 	579.559 	579.559 	579.559 	579.559 	579.559 
M,STK_MIN_CAL,THS_T,CZ	1905.000 	1905.000 	1905.000 	1821.000 	1821.000 	1821.000 	1821.000 	1821.000 	1821.000 	1821.000 	1821.000 	1822.000 	1822.000 	1822.000 	1822.000 	1769.000 	1768.000 	1768.000 	1768.000 	1768.000 	1771.000 	1771.000 	1771.000 	1771.000 	1771.000 	1771.000 	1771.000 	1810.000 	1810.000 	1810.000 	1810.000 	1810.000 	1810.000 	1815.000 	1810.000 	1810.000 	1810.000 	1810.000 	1810.000 	1938.000 	1938.000 	1938.000 	1938.000 	1938.000 	1938.000 	1938.000 	1938.000 	1938.000 	1938.000 	1938.000 	1938.000 	2023.000 	2023.000 	2023.000 	2023.000 	2023.000 	2023.000 	2023.000 	2023.000 	2023.000 	2023.000 	2023.000 	2023.000 	2033.000 	2033.000 	2033.000 	2033.000 	2038.000 	2038.000 	2038.000 	2038.000 	2038.000 	2038.000 	2038.000 	2038.000 	2094.000 	2094.000 	2094.000 	2094.000 	2095.000 	2095.000 	2095.000 	2095.000 	2095.000 	2094.658 	2094.658 	2094.658 	2094.658 	2094.658 	2094.658 	2120.394 	2119.606 	2119.606 	2119.606 	2119.606 	2119.606 	2119.606 	2119.606 	2119.606 	2119.606 	2119.606 	2119.606 	1854.971 	1854.971 	1854.971 	1854.971 	1854.971 	1854.971 	1854.971 	1854.971 	1854.971 	1854.971 	1854.971 	1854.971 	1990.004 	1989.741 	1989.741 	1989.741 	1989.741 	1989.741 	1989.741 	1989.741 	1989.741 	1989.741 	1989.741 	1989.741 	2065.464 	2064.939 	2064.939 	2064.939 	2064.939 	2064.939 	2064.939 	2064.939 	2064.939 	2064.939 	2064.939 	2064.939 	2099.775 	2099.775 	2099.775 	2099.775 	2099.775 	2099.775 	2099.775 	2099.775 	2099.775 	2100.038 	2100.038 	2100.038 	2143.590 	2143.590 	2143.590 	2143.590 	2143.590 	2143.590 	2142.804 	2143.590 	2143.590 	2143.590 	2143.590 	0.000 
M,STK_MIN_CAL,THS_T,DE	23201.000 	23201.000 	23201.000 	20050.000 	20050.000 	20050.000 	20050.000 	20050.000 	20050.000 	20050.000 	20050.000 	20050.000 	20050.000 	20050.000 	20050.000 	20455.000 	20455.000 	20455.000 	20455.000 	20455.000 	20455.000 	20455.000 	20455.000 	20455.000 	20455.000 	20455.000 	20455.000 	19442.000 	19442.000 	19442.000 	19442.000 	19442.000 	19442.000 	19442.000 	19442.000 	19442.000 	19442.000 	19442.000 	19442.000 	19878.000 	19878.000 	19878.000 	19878.000 	19878.000 	19878.000 	19878.000 	19878.000 	19878.000 	19878.000 	19878.000 	19878.000 	20002.000 	20002.000 	20002.000 	20002.000 	20002.000 	20002.000 	20002.000 	20002.000 	20002.000 	20002.000 	20002.000 	20002.000 	20597.000 	20597.000 	20597.000 	20597.000 	20597.000 	20597.000 	20597.000 	20597.000 	20597.000 	20597.249 	20597.249 	20597.249 	22859.576 	22859.576 	22859.576 	22859.576 	22859.576 	22859.576 	22859.576 	22859.576 	22859.576 	22859.576 	22859.576 	22859.576 	22859.576 	22859.576 	22859.576 	22877.659 	22877.659 	22877.659 	22877.659 	22877.659 	22877.659 	22877.659 	22877.659 	22877.659 	22877.659 	22877.659 	22877.659 	20053.469 	20053.469 	20053.469 	20053.469 	20053.469 	20053.469 	20053.469 	20053.469 	20053.469 	20053.469 	20053.469 	20053.469 	19148.522 	19148.522 	19148.522 	19148.522 	19148.522 	19148.522 	19143.735 	19143.735 	19143.735 	19143.735 	19143.735 	19143.735 	20266.267 	20266.267 	20266.267 	20266.267 	20266.267 	20266.267 	20266.267 	20266.267 	20266.267 	20266.267 	20266.267 	20266.267 	19559.794 	19559.794 	19559.794 	19559.794 	19559.794 	19559.794 	19559.794 	19559.794 	19559.794 	19559.794 	19559.794 	19559.794 	18606.849 	18606.849 	18606.849 	18606.849 	18606.849 	18606.849 	18639.194 	18639.194 	18623.302 	18623.302 	18623.302 	: 
M,STK_MIN_CAL,THS_T,DK	1285.000 	1285.000 	1285.000 	1240.000 	1240.000 	1240.000 	1240.000 	1240.000 	1240.000 	1240.000 	1240.000 	1240.000 	1240.000 	1240.000 	1240.000 	1223.000 	1222.000 	1222.000 	1222.000 	1222.000 	1222.000 	1222.000 	1222.000 	1222.000 	1222.000 	1222.000 	1222.000 	1199.000 	1199.000 	1199.000 	1199.000 	1199.000 	1199.000 	1199.000 	1199.000 	1199.000 	1199.000 	1199.000 	1199.000 	1207.000 	1207.000 	1207.000 	1207.000 	1207.000 	1207.000 	1207.000 	1207.000 	1207.000 	1207.000 	1207.000 	1207.000 	1241.000 	1241.000 	1241.000 	1241.000 	1241.000 	1241.000 	1241.000 	1241.000 	1241.000 	1241.000 	1241.000 	1241.000 	1244.000 	1244.000 	1244.000 	1244.000 	1244.000 	1243.999 	1243.999 	1243.999 	1243.999 	1243.999 	1243.999 	1243.999 	1243.999 	1243.999 	1243.999 	1243.999 	1243.999 	1243.999 	1243.999 	1243.999 	1243.999 	1276.087 	1276.087 	1276.087 	1276.087 	1276.087 	1276.087 	1253.224 	1253.224 	1253.224 	1253.224 	1253.224 	1253.224 	1253.224 	1253.224 	1253.224 	1253.224 	1253.224 	1253.224 	1069.800 	1069.800 	1069.800 	1069.800 	1069.800 	1069.800 	1069.800 	1069.800 	1069.800 	1069.800 	1069.800 	1069.800 	1101.209 	1101.209 	1101.209 	1101.209 	1101.209 	1101.209 	1101.209 	1101.209 	1101.209 	1101.209 	1101.209 	1101.209 	1165.785 	1165.785 	1165.785 	1165.785 	1165.785 	1165.785 	1165.785 	1165.785 	1165.785 	1165.785 	1165.785 	1165.785 	1144.126 	1144.126 	1144.126 	1144.126 	1144.126 	1144.126 	1095.393 	1095.393 	1095.393 	1095.393 	1095.393 	1095.393 	1092.400 	1092.400 	1092.400 	1092.400 	1092.400 	1092.400 	1092.400 	1092.400 	1092.400 	1092.400 	1092.400 	: 
M,STK_MIN_CAL,THS_T,EE	176.000 	176.000 	176.000 	176.000 	176.000 	176.000 	176.000 	176.000 	176.000 	176.000 	176.000 	176.000 	179.000 	179.000 	179.000 	179.000 	179.000 	179.000 	179.000 	259.000 	259.000 	259.000 	259.000 	259.000 	259.000 	259.000 	259.000 	184.000 	184.000 	184.000 	184.000 	184.000 	184.000 	184.000 	184.000 	184.000 	184.000 	184.000 	184.000 	185.000 	185.000 	185.000 	185.000 	185.000 	185.000 	185.000 	185.000 	185.000 	185.000 	185.000 	185.000 	199.000 	199.000 	199.000 	199.000 	199.000 	199.000 	199.000 	199.000 	199.000 	199.000 	199.000 	199.000 	199.000 	199.000 	199.000 	199.000 	199.000 	199.000 	199.000 	199.000 	199.000 	199.000 	199.000 	199.000 	199.000 	199.000 	199.000 	199.000 	199.000 	199.000 	199.000 	199.000 	207.347 	217.715 	217.715 	207.347 	207.347 	207.347 	207.347 	207.347 	207.347 	207.347 	207.347 	207.347 	207.347 	272.319 	272.319 	272.319 	272.319 	272.319 	272.319 	271.575 	271.575 	271.575 	271.575 	271.575 	271.575 	271.575 	271.575 	271.575 	271.575 	271.575 	271.575 	208.770 	208.770 	208.770 	208.770 	208.770 	208.770 	208.770 	208.770 	208.770 	208.770 	208.770 	208.770 	208.770 	208.770 	208.770 	208.770 	208.770 	208.770 	208.770 	208.770 	208.770 	208.770 	208.770 	208.770 	208.770 	208.770 	199.946 	199.946 	199.946 	199.946 	199.946 	199.946 	159.636 	213.584 	159.636 	159.636 	163.400 	213.000 	213.000 	213.000 	213.000 	213.000 	213.000 	213.000 	213.000 	213.000 	213.000 	: 
M,STK_MIN_CAL,THS_T,EL	3162.000 	3162.000 	3162.000 	2819.000 	2819.000 	2819.000 	2819.000 	2819.000 	2819.000 	2819.000 	2819.000 	2819.000 	2819.000 	2819.000 	2819.000 	2687.000 	2687.000 	2687.000 	2687.000 	2687.000 	2687.000 	2687.000 	2687.000 	2687.000 	2687.000 	2687.000 	2687.000 	2657.000 	2687.000 	2687.000 	2687.000 	2687.000 	2687.000 	2687.000 	2687.000 	2687.000 	2687.000 	2687.000 	2687.000 	2687.000 	2687.000 	2687.000 	2687.000 	2687.000 	2687.000 	2687.000 	2687.000 	2687.000 	2687.000 	2687.000 	2687.000 	2822.000 	2822.000 	2822.000 	2822.000 	2822.000 	2822.000 	2822.000 	2822.000 	2822.000 	2822.000 	2822.000 	2822.000 	2585.000 	2585.000 	2585.000 	2585.000 	2585.000 	2585.000 	2585.000 	2585.000 	2585.000 	2585.000 	2585.000 	2585.000 	1872.000 	1872.000 	1872.000 	1872.000 	1872.000 	1872.000 	1872.000 	1872.000 	1872.000 	2430.817 	2430.817 	2430.817 	2430.817 	2430.817 	2430.817 	2586.455 	2586.455 	2586.455 	2586.455 	2586.455 	2586.455 	2586.455 	2586.455 	2586.455 	2586.455 	2586.455 	2586.455 	2046.133 	2046.133 	2046.133 	2046.133 	2046.133 	2046.133 	2046.133 	2046.133 	2046.133 	2046.133 	2046.133 	2046.133 	2236.871 p	2236.871 	2236.871 	2236.871 	2236.871 	2236.871 	2236.871 	2236.871 	2236.871 	2236.871 	2236.871 	2236.871 	2933.454 	2933.454 	2933.454 	2933.454 	2933.454 	2933.454 	2933.454 	2933.454 	2933.454 	2933.454 	2933.454 	2933.454 	2272.016 	2272.016 	2272.016 	2272.016 	2272.016 	2272.016 	2272.016 	2272.016 	2272.016 	2272.016 	2272.016 	2272.016 	1909.543 	1909.543 	1909.543 	1909.543 	1909.543 	1909.543 	1909.543 	1909.543 	1909.543 	1909.543 	1909.543 	: 
M,STK_MIN_CAL,THS_T,ES	13314.000 	13314.000 	13314.000 	12332.000 	12332.000 	12332.000 	12332.000 	12332.000 	12332.000 	12332.000 	12332.000 	12332.000 	12332.000 	12332.000 	12332.000 	11255.000 	11255.000 	11255.000 	11255.000 	11255.000 	11255.000 	11255.000 	11255.000 	11255.000 	11255.000 	11255.000 	11255.000 	11219.000 	11219.000 	11219.000 	11219.000 	11219.000 	11219.000 	11219.000 	11219.000 	11219.000 	11219.000 	11219.000 	11219.000 	11553.000 	11553.000 	11553.000 	11553.000 	11553.000 	11553.000 	11553.000 	11553.000 	11553.000 	11553.000 	11553.000 	11553.000 	12062.000 	12062.000 	12062.000 	12062.000 	12062.000 	12062.000 	12062.000 	12062.000 	12062.000 	12062.000 	12062.000 	12062.000 	12283.000 	12283.000 	12283.000 	12283.000 	12283.000 	12283.000 	12283.000 	12283.000 	12283.000 	12283.000 	12283.000 	12283.000 	12927.000 	12927.000 	12927.000 	12927.000 	12928.000 	12928.000 	12928.000 	12928.000 	12928.000 	12927.744 	12927.744 	12927.744 	12927.744 	12927.744 	12927.744 	12943.482 	12943.482 	12943.482 	12943.482 	12943.482 	12943.482 	12943.482 	12943.482 	12943.482 	10304.938 	10304.938 	10304.938 	10276.783 	10276.783 	10276.783 	10276.783 	10276.783 	10276.783 	10276.783 	10276.783 	10276.783 	10276.783 	10276.783 	10276.783 	11090.253 	11090.253 	11090.253 	11090.253 	11090.253 	11090.253 	11090.253 	11090.253 	11090.253 	10506.718 	10506.718 	10506.718 	12071.484 	12071.484 	12071.484 	12071.484 	12071.484 	12071.484 	12071.484 	12071.484 	12071.484 	12071.484 	12071.484 	12071.484 	11766.340 	11766.340 	11766.340 	11766.340 	11766.340 	11766.340 	11766.340 	11766.340 	11766.340 	11766.340 	11766.340 	11766.340 	12565.992 	12565.992 	12565.992 	12565.992 	12565.992 	12565.992 	12574.919 	12574.919 	12574.919 	12565.992 	12565.992 	: 
M,STK_MIN_CAL,THS_T,FI	2316.000 	2316.000 	2316.000 	1900.000 	1900.000 	1900.000 	1900.000 	1900.000 	1900.000 	1900.000 	1900.000 	1900.000 	1900.000 	1900.000 	1900.000 	1699.000 	1699.000 	1699.000 	1699.000 	1699.000 	1699.000 	1699.000 	1699.000 	1699.000 	1699.000 	1699.000 	1699.000 	2023.000 	2023.000 	2023.000 	2023.000 	2023.000 	2023.000 	2023.000 	2023.000 	2023.000 	2023.000 	2023.000 	2023.000 	1915.000 	1356.000 	1915.000 	1915.000 	1915.000 	1915.000 	1915.000 	1915.000 	1915.000 	1915.000 	1915.000 	1915.000 	1988.000 	1988.000 	1988.000 	1988.000 	1988.000 	1988.000 	1988.000 	1988.000 	1988.000 	1988.000 	1988.000 	1988.000 	1931.000 	1931.000 	1931.000 	1931.000 	1931.000 	1931.000 	1931.000 	1931.000 	1931.000 	1931.000 	1931.000 	1931.000 	2167.000 	2201.000 	2201.000 	2201.000 	2201.000 	2201.000 	1931.000 	1931.000 	1931.000 	1930.766 	1930.766 	1930.766 	1930.766 	1930.766 	1930.766 	2040.390 	2040.390 	2040.390 	2040.390 	2040.390 	2040.390 	2040.390 	2040.390 	2040.390 	2040.390 	2040.390 	2040.390 	1528.635 	1528.635 	1528.635 	1528.635 	1528.635 	1528.635 	1528.635 	1528.635 	1528.635 	1528.635 	1528.635 	1528.635 	1407.155 	1407.155 	1407.155 	1407.155 	1407.155 	1407.155 	1407.155 	1407.155 	1407.155 	1407.155 	1407.155 	1407.155 	1407.155 	1628.315 	1628.315 	1628.315 	1628.315 	1628.315 	1628.315 	1628.315 	1628.315 	1628.315 	1628.315 	1628.315 	1628.315 	1628.315 	1628.315 	1628.315 	1628.315 	1628.315 	1628.315 	1628.315 	1628.315 	1628.315 	1628.315 	1628.315 	1623.866 	1623.866 	1623.866 	0.000 	0.000 	1552.530 	1552.530 	1552.530 	1552.530 	1623.866 	0.000 	1623.866 
M,STK_MIN_CAL,THS_T,FR	18768.000 	18768.000 	18768.000 	18887.000 	18887.000 	18887.000 	18887.000 	18887.000 	18887.000 	18887.000 	18887.000 	18887.000 	18887.000 	18887.000 	18887.000 	17666.000 	17666.000 	17666.000 	17666.000 	17666.000 	17666.000 	17666.000 	17666.000 	17666.000 	17666.000 	17666.000 	17666.000 	17429.000 	17429.000 	17429.000 	17429.000 	17429.000 	17429.000 	17429.000 	17429.000 	17429.000 	17429.000 	17429.000 	17429.000 	17429.000 	17548.000 	17548.000 	17548.000 	17548.000 	17548.000 	17548.000 	17548.000 	17548.000 	17548.000 	17548.000 	17548.000 	17500.000 	17490.000 	17490.000 	17490.000 	17490.000 	17490.000 	17490.000 	17490.000 	17490.000 	17490.000 	17490.000 	17490.000 	17942.000 	17942.000 	17942.000 	17942.000 	17942.000 	17942.000 	17942.000 	17942.000 	17942.000 	17942.000 	17942.000 	17942.000 	17924.000 	17924.000 	17924.000 	17924.000 	17924.000 	17924.000 	17924.000 	17924.000 	17924.000 	17923.870 	17923.870 	17923.870 	17600.289 	17600.289 	17600.289 	17600.289 	17600.289 	17600.289 	17600.289 	18310.183 	17600.289 	17600.289 	17600.289 	17600.289 	17600.289 	17600.289 	17600.289 	13726.762 	13726.762 	13726.762 	13726.762 	13726.762 	13726.762 	13726.762 	13726.762 	13726.762 	13726.762 	13726.762 	13726.762 	14610.388 	14610.388 	14610.388 	14610.388 	14610.388 	14610.388 	14610.388 	14610.388 	14610.388 	14610.388 	14610.388 	14610.388 	16157.556 	16157.556 	16157.556 	16157.556 	16157.556 	16157.556 	16157.556 	16157.556 	16157.556 	16157.556 	16157.556 	16157.556 	15963.748 	15963.748 	15963.748 	15963.748 	15963.748 	15963.748 	15963.748 	15963.748 	15963.748 	15963.748 	15963.748 	15963.748 	15920.131 	15920.131 	15920.131 	15920.131 	15920.131 	15920.131 	15920.131 	15920.131 	15920.131 	16641.159 	16641.159 	: 
M,STK_MIN_CAL,THS_T,GE	: 	: 	: 	: 	: 	: 	: 	: 	: 	: 	: 	: 	: 	: 	: 	: 	: 	: 	: 	: 	: 	: 	: 	: 	: 	: 	: 	: 	: 	: 	: 	: 	: 	: 	: 	: 	: 	: 	: 	: 	: 	: 	: 	: 	: 	: 	: 	: 	: 	: 	: 	: 	: 	: 	: 	: 	: 	: 	: 	: 	: 	: 	: 	: 	: 	: 	: 	: 	: 	: 	: 	: 	: 	: 	: 	: 	: 	: 	: 	: 	: 	: 	: 	: 	: 	: 	: 	: 	: 	: 	: 	: 	: 	: 	: 	: 	0.000 	0.000 	0.000 	0.000 	0.000 	0.000 	0.000 	0.000 	0.000 	0.000 	0.000 	0.000 	0.000 	0.000 	0.000 	0.000 	0.000 	0.000 	0.000 	0.000 	0.000 	0.000 	0.000 	0.000 	0.000 	0.000 	0.000 	0.000 	0.000 	0.000 	0.000 	0.000 	0.000 	0.000 	0.000 	0.000 	0.000 	0.000 	0.000 	0.000 	0.000 	0.000 	0.000 	0.000 	0.000 	0.000 	0.000 	0.000 	0.000 	0.000 	0.000 	0.000 	0.000 	0.000 	0.000 	0.000 	0.000 	0.000 	0.000 	0.000 	0.000 	0.000 	0.000 	0.000 	0.000 	: 
M,STK_MIN_CAL,THS_T,HR	677.000 	677.000 	677.000 	645.000 	645.000 	645.000 	645.000 	645.000 	645.000 	645.000 	645.000 	645.000 	645.000 	645.000 	645.000 	645.000 	624.000 	624.000 	624.000 	624.000 	624.000 	624.000 	624.000 	624.000 	624.000 	624.000 	624.000 	597.000 	597.000 	597.000 	597.000 	597.000 	597.000 	597.000 	597.000 	597.000 	597.000 	597.000 	597.000 	599.000 	599.000 	599.000 	599.000 	599.000 	599.000 	599.000 	599.000 	599.000 	599.000 	599.000 	599.000 	582.000 	582.000 	582.000 	582.000 	582.000 	582.000 	582.000 	582.000 	582.000 	582.000 	582.000 	582.000 	631.000 	631.000 	631.000 	631.000 	631.000 	631.000 	631.000 	631.000 	631.000 	631.000 	631.000 	631.000 	632.000 	632.000 	632.000 	632.000 	632.000 	632.000 	632.000 	632.000 	632.000 	632.162 	632.162 	632.162 	632.162 	632.162 	632.162 	617.312 	617.312 	617.312 	617.312 	617.312 	617.312 	617.312 	617.312 	617.312 	617.312 	617.312 	617.312 	525.915 	525.915 	525.915 	525.915 	525.915 	525.915 	525.915 	525.915 	525.915 	525.915 	525.915 	525.915 	597.114 	597.114 	597.114 	597.114 	597.114 	597.114 	597.114 	597.114 	597.114 	597.114 	597.114 	597.114 	701.705 	701.705 	701.705 	701.705 	701.705 	701.705 	701.705 	701.705 	701.705 	701.705 	701.705 	701.705 	718.635 	718.635 	718.635 	718.635 	718.635 	718.635 	718.635 	718.635 	718.635 	718.635 	718.635 	718.635 	764.369 	764.369 	764.369 	764.369 	764.369 	764.369 	764.369 	764.369 	764.369 	764.369 	764.369 	764.369 
M,STK_MIN_CAL,THS_T,HU	1006.000 	1006.000 	1006.000 	1006.000 	1006.000 	1006.000 	1006.000 	1006.000 	1006.000 	1006.000 	1006.000 	1006.000 	1006.000 	1006.000 	1006.000 	895.000 	895.000 	895.000 	895.000 	895.000 	895.000 	895.000 	895.000 	895.000 	895.000 	895.000 	895.000 	1156.000 	1156.000 	1156.000 	1156.000 	1156.000 	1156.000 	1156.000 	1156.000 	1156.000 	1156.000 	1156.000 	1156.000 	1133.000 	1133.000 	1133.000 	1133.000 	1133.000 	1133.000 	1133.000 	1133.000 	1133.000 	1133.000 	1133.000 	1133.000 	1175.000 	1175.000 	1175.000 	1175.000 	1175.000 	1175.000 	1175.000 	1175.000 	1175.000 	1175.000 	1175.000 	1175.000 	1178.000 	1178.000 	1178.000 	1178.000 	1178.000 	1178.000 	1178.000 	1178.000 	1178.000 	1177.952 	1177.952 	1177.952 	1314.102 	1314.102 	1314.102 	1314.102 	1314.102 	1314.102 	1314.102 	1314.102 	1314.102 	1314.102 	1314.102 	1314.102 	1314.102 	1314.102 	1314.102 	1348.517 	1348.595 	1348.595 	1348.595 	1348.595 	1348.595 	1348.595 	1348.595 	1348.595 	1348.595 	1348.595 	1348.595 	1226.480 	1226.480 	1226.480 	1226.480 	1226.480 	1226.480 	1226.480 	1226.480 	1226.480 	1226.480 	1226.480 	1226.480 	1306.382 	1306.382 	1306.382 	1306.382 	1306.382 	1306.382 	1306.382 	1306.382 	1306.382 	1306.382 	1306.382 	1306.382 	1398.954 	1398.954 	1398.954 	1398.954 	1398.954 	1398.954 	1398.954 	1398.954 	1398.954 	1398.954 	1398.954 	1398.954 	1311.216 	1311.216 	1311.216 	1311.216 	1311.216 	1311.216 	1311.216 	1311.216 	1311.216 	1311.216 	1311.216 	1311.216 	1315.511 	1315.511 	1315.511 	1315.511 	1315.511 	1315.511 	1315.511 	1315.511 	1315.511 	1315.511 	1315.511 	: 
M,STK_MIN_CAL,THS_T,IE	1231.000 	1231.000 	1231.000 	1601.000 	1601.000 	1601.000 	1601.000 	1601.000 	1601.000 	1163.000 	1601.000 	1601.000 	1601.000 	1601.000 	1601.000 	1659.000 	1659.000 	1659.000 	1659.000 	1659.000 	1659.000 	1659.000 	1659.000 	1659.000 	1659.000 	1659.000 	1659.000 	1659.000 	1659.000 	1659.000 	1626.000 	1626.000 	1626.000 	1626.000 	1626.000 	1626.000 	1626.000 	1626.000 	1626.000 	1718.000 	1718.000 	1718.000 	1718.000 	1718.000 	1718.000 	1718.000 	1718.000 	1718.000 	1728.000 	1725.000 	1725.000 	1789.000 	1789.000 	1789.000 	1789.000 	1721.000 	1721.000 	1667.000 	1789.000 	1789.000 	1789.000 	1789.000 	1789.000 	1802.000 	1802.000 	1802.000 	1802.000 	1802.000 	1802.000 	1802.000 	1802.000 	1802.000 	1802.000 	1802.000 	1802.000 	1843.000 	1843.000 	1843.000 	1843.000 	1843.000 	1843.000 	1843.000 	1843.000 	1842.935 	1842.935 	1842.935 	1842.935 	1842.935 	1842.935 	1842.935 	1860.876 	1860.876 	1860.876 	1860.876 	1860.876 	1860.876 	1860.876 	1860.876 	1860.876 	1860.876 	1860.876 	1860.876 	1590.135 	1590.135 	1590.135 	1590.135 	1590.135 	1590.135 	1590.135 	1590.135 	1590.135 	1590.135 	1590.135 	1590.135 	1666.332 p	1666.332 p	1666.332 p	1666.332 	1666.332 	1666.332 	1685.776 	1685.776 	1685.776 	1685.776 	1685.776 	1685.776 	1791.792 	1791.792 	1791.792 	1791.792 	1791.792 	1791.792 	1791.792 	1791.792 	1791.792 	1791.792 	1791.792 	1791.792 	1767.246 	1767.246 	1767.246 	1767.246 	1767.246 	1767.246 	1767.246 	1767.246 	1767.246 	1767.246 	1767.246 	1767.246 	1843.541 	1843.541 	1843.541 	1843.541 	1843.541 	1819.713 	1821.364 	1821.296 	1821.296 	1821.296 	1821.296 	: 
M,STK_MIN_CAL,THS_T,IT	13675.000 	13675.000 	13675.000 	11985.000 	11985.000 	11985.000 	12070.000 	12070.000 	12070.000 	12070.000 	12070.000 	12070.000 	12070.000 	12070.000 	12070.000 	11583.000 	11583.000 	11583.000 	11583.000 	11583.000 	11583.000 	11583.000 	11583.000 	11583.000 	11583.000 	11583.000 	11583.000 	11285.000 	11285.000 	11285.000 	11285.000 	11285.000 	11285.000 	11285.000 	11285.000 	11285.000 	11285.000 	11285.000 	11285.000 	11312.000 	11312.000 	11312.000 	11312.000 	11312.000 	11312.000 	11312.000 	11312.000 	11312.000 	11312.000 	11312.000 	11312.000 	10809.000 	10809.000 	10809.000 	10809.000 	10809.000 	10809.000 	10809.000 	10809.000 	10809.000 	10809.000 	10809.000 	10809.000 	10723.000 	10723.000 	10723.000 	10723.000 	10723.000 	10723.000 	10723.000 	10723.000 	10723.000 	10723.000 	10723.000 	10723.000 	10285.000 	10285.000 	10285.000 	10285.000 	10285.000 	10285.000 	10285.000 	10285.000 	10285.000 	10305.740 	10305.740 	10305.740 	10305.740 	10305.740 	10305.740 	10848.538 	10848.538 	10848.538 	10848.538 	10848.538 	10848.538 	10848.538 	10848.538 	10848.538 	10848.538 	10848.538 	10848.538 	8052.977 	8052.977 	8052.977 	8052.977 	8052.977 	8052.977 	8052.977 	8052.977 	8052.977 	8052.977 	8052.977 	8052.977 	9753.400 	9753.400 	9753.400 	9753.400 	9753.400 	9753.400 	9753.400 	9753.400 	9753.400 	9753.400 	9753.400 	9753.400 	10549.413 p	10549.413 	10549.413 	10549.413 	10549.413 	10549.413 	10549.413 	10549.413 	10549.413 	10549.413 	10549.413 	10549.413 	10796.852 	10796.852 	10796.852 	10796.852 	10796.852 	10796.852 	10796.852 	10796.852 	10796.852 	10796.852 	10796.852 	10796.852 	10363.903 	10363.903 	10363.903 	10363.903 	10363.903 	10363.903 	10363.903 	10363.903 	10363.903 	10363.903 	10363.903 	: 
M,STK_MIN_CAL,THS_T,LT	357.000 	357.000 	357.000 	399.000 	399.000 	399.000 	399.000 	399.000 	399.000 	399.000 	399.000 	399.000 	399.000 	399.000 	399.000 	375.000 	375.000 	375.000 	375.000 	375.000 	375.000 	375.000 	375.000 	375.000 	375.000 	375.000 	375.000 	427.000 	427.000 	427.000 	427.000 	427.000 	427.000 	427.000 	427.000 	427.000 	427.000 	427.000 	427.000 	429.000 	429.000 	429.000 	429.000 	429.000 	429.000 	429.000 	429.000 	429.000 	429.000 	429.000 	429.000 	471.000 	471.000 	471.000 	471.000 	471.000 	471.000 	471.000 	471.000 	471.000 	471.000 	471.000 	471.000 	486.000 	486.000 	486.000 	486.000 	486.000 	486.000 	486.000 	486.000 	486.000 	486.000 	486.000 	486.000 	540.899 	541.000 	541.000 	541.000 	541.000 	541.000 	541.000 	541.000 	541.000 	540.899 	540.899 	540.899 	531.567 	531.567 	531.567 	531.567 	531.567 	531.567 	531.567 	531.567 	531.567 	531.567 	531.567 	531.567 	531.567 	531.567 	531.567 	536.629 	536.629 	536.629 	536.629 	536.629 	536.629 	536.629 	536.629 	536.629 	536.629 	536.629 	536.629 	557.440 	557.440 	557.440 	557.440 	557.440 	557.440 	557.440 	557.440 	557.440 	557.440 	557.440 	557.440 	559.832 	559.832 	559.832 	559.832 	559.832 	559.832 	559.832 	559.832 	559.832 	559.832 	559.832 	559.832 	564.155 	564.155 	564.155 	564.155 	564.155 	564.155 	564.155 	564.155 	564.155 	564.155 	564.155 	564.155 	577.621 	577.621 	577.621 	577.621 	577.621 	577.621 	577.621 	577.621 	577.621 	577.621 	577.621 	: 
M,STK_MIN_CAL,THS_T,LU	737.000 	737.000 	737.000 	708.000 	708.000 	708.000 	708.000 	708.000 	708.000 	708.000 	708.000 	708.000 	708.000 	708.000 	708.000 	733.000 	733.000 	733.000 	733.000 	733.000 	733.000 	733.000 	733.000 	733.000 	733.000 	733.000 	733.000 	709.000 	709.000 	709.000 	709.000 	709.000 	709.000 	709.000 	709.000 	709.000 	709.000 	709.000 	709.000 	699.000 	699.000 	699.000 	699.000 	699.000 	699.000 	699.000 	699.000 	699.000 	699.000 	699.000 	699.000 	700.000 	700.000 	700.000 	700.000 	700.000 	700.000 	700.000 	700.000 	700.000 	700.000 	700.000 	700.000 	737.000 	737.000 	737.000 	737.000 	737.000 	737.000 	737.000 	737.000 	737.000 	737.000 	737.000 	737.000 	790.000 	790.000 	790.000 	790.000 	790.000 	790.000 	790.000 	790.000 	790.000 	789.646 	789.646 	782.031 	782.031 	782.031 	782.031 	782.031 	782.031 	782.031 	782.031 	782.031 	782.031 	782.031 	782.031 	782.031 	782.031 	782.031 	782.031 	632.715 	632.715 	632.715 	632.715 	632.715 	632.715 	632.715 	632.715 	632.715 	632.715 	632.715 	632.715 	668.061 	668.061 	668.061 	668.061 	668.061 	668.061 	668.061 	668.061 	668.061 	668.061 	668.061 	668.061 	613.177 	613.177 	613.177 	613.177 	613.177 	613.177 	613.177 	613.177 	613.177 	613.177 	613.177 	613.177 	606.087 	606.087 	606.087 	606.087 	606.087 	606.087 	606.087 	606.087 	606.087 	606.087 	606.087 	606.087 	603.907 	603.907 	603.907 	603.907 	603.907 	603.907 	603.907 	603.907 	603.907 	603.907 	603.907 	: 
M,STK_MIN_CAL,THS_T,LV	319.000 	319.000 	319.000 	322.000 	346.000 	346.000 	346.000 	346.000 	346.000 	346.000 	346.000 	346.000 	346.000 	346.000 	346.000 	347.000 	347.000 	347.000 	347.000 	347.000 	347.000 	347.000 	347.000 	347.000 	347.000 	347.000 	347.000 	361.000 	361.000 	361.000 	361.000 	361.000 	361.000 	361.000 	361.000 	361.000 	361.000 	361.000 	361.000 	356.000 	356.000 	356.000 	356.000 	356.000 	356.000 	356.000 	356.000 	356.000 	356.000 	356.000 	356.000 	354.000 	354.000 	354.000 	354.000 	354.000 	354.000 	354.000 	354.000 	354.000 	354.000 	354.000 	354.000 	392.000 	392.000 	392.000 	392.000 	392.000 	392.000 	392.000 	392.000 	392.000 	392.000 	392.000 	392.000 	406.000 	406.000 	406.000 	406.000 	406.000 	406.000 	406.000 	406.000 	406.000 	406.507 	406.507 	406.507 	395.553 	395.553 	395.553 	395.553 	395.553 	395.553 	395.553 	395.553 	395.553 	395.553 	395.553 	395.553 	360.205 	360.205 	360.205 	359.221 	359.221 	359.221 	359.221 	359.221 	359.221 	359.221 	359.221 	359.221 	377.331 	377.331 	377.331 	378.365 	378.365 	378.365 	378.365 	378.365 	378.365 	378.365 	378.365 	378.365 	390.276 	390.276 	390.276 	390.276 	390.276 	390.276 	390.276 	390.276 	390.276 	390.276 	390.276 	390.276 	414.255 	414.255 	414.255 	414.255 	414.255 	414.255 	414.255 	414.255 	414.255 	399.789 	399.789 	390.139 	390.139 	390.139 	390.139 	393.812 	393.812 	393.814 	398.973 	398.973 	398.973 	398.973 	398.973 	398.973 	398.973 	398.971 	: 
M,STK_MIN_CAL,THS_T,MD	: 	: 	: 	: 	: 	: 	: 	: 	: 	: 	: 	: 	: 	: 	: 	: 	: 	: 	: 	: 	: 	: 	: 	: 	: 	: 	: 	: 	: 	: 	: 	: 	: 	: 	: 	: 	: 	: 	: 	: 	: 	: 	: 	: 	: 	: 	: 	: 	: 	: 	: 	: 	: 	: 	: 	: 	: 	: 	: 	: 	: 	: 	: 	: 	: 	: 	: 	: 	: 	: 	: 	: 	: 	: 	: 	: 	: 	: 	: 	: 	: 	: 	: 	: 	: 	: 	: 	: 	: 	: 	: 	: 	: 	: 	: 	: 	0.000 	0.000 	0.000 	0.000 	0.000 	0.000 	0.000 	0.000 	0.000 	0.000 	0.000 	0.000 	0.000 	0.000 	0.000 	0.000 	0.000 	0.000 	0.000 	0.000 	0.000 	0.000 	0.000 	0.000 	0.000 	0.000 	0.000 	0.000 	0.000 	0.000 	0.000 	0.000 	0.000 	0.000 	0.000 	0.000 	0.000 	0.000 	0.000 	0.000 	0.000 	0.000 	0.000 	0.000 	0.000 	0.000 	0.000 	0.000 	0.000 	0.000 	0.000 	0.000 	0.000 	0.000 	0.000 	0.000 	0.000 	0.000 	0.000 	0.000 	0.000 	0.000 	0.000 	0.000 	0.000 	: 
M,STK_MIN_CAL,THS_T,ME	: 	: 	: 	: 	: 	: 	: 	: 	: 	: 	: 	: 	: 	: 	: 	: 	: 	: 	: 	: 	: 	: 	: 	: 	: 	: 	: 	: 	: 	: 	: 	: 	: 	: 	: 	: 	: 	: 	: 	: 	: 	: 	: 	: 	: 	: 	: 	: 	: 	: 	: 	: 	: 	: 	: 	: 	: 	: 	: 	: 	: 	: 	: 	: 	: 	: 	: 	: 	: 	: 	: 	: 	: 	: 	: 	: 	: 	: 	: 	: 	: 	: 	: 	: 	: 	: 	: 	: 	: 	: 	: 	: 	: 	: 	: 	: 	: 	: 	: 	: 	: 	: 	: 	: 	: 	: 	: 	: 	: 	: 	: 	: 	: 	: 	: 	: 	: 	: 	: 	: 	0.000 	0.000 	0.000 	0.000 	0.000 	0.000 	0.000 	0.000 	0.000 	0.000 	0.000 	0.000 	0.000 	0.000 	0.000 	0.000 	0.000 	0.000 	0.000 	0.000 	0.000 	0.000 	0.000 	0.000 	0.000 	0.000 	0.000 	0.000 	0.000 	0.000 	0.000 	0.000 	0.000 	0.000 	0.000 	0.000 	0.000 	0.000 	0.000 	0.000 	0.000 	0.000 
M,STK_MIN_CAL,THS_T,MK	: 	: 	: 	: 	: 	: 	: 	: 	: 	: 	: 	: 	: 	: 	: 	: 	: 	: 	: 	: 	: 	: 	: 	: 	: 	: 	: 	: 	: 	: 	: 	: 	: 	: 	: 	: 	: 	: 	: 	: 	: 	: 	: 	: 	: 	: 	: 	: 	: 	: 	: 	: 	: 	: 	: 	: 	: 	: 	: 	: 	: 	: 	: 	: 	: 	: 	: 	: 	: 	: 	: 	: 	: 	: 	: 	: 	: 	: 	: 	: 	: 	: 	: 	: 	: 	: 	: 	: 	: 	: 	: 	: 	: 	: 	: 	: 	0.000 	0.000 	0.000 	0.000 	0.000 	0.000 	0.000 	0.000 	0.000 	0.000 	0.000 	0.000 	0.000 	0.000 	0.000 	0.000 	0.000 	0.000 	0.000 	287.905 	287.905 	287.905 	287.905 	288.268 	288.268 	288.268 	288.268 	288.268 	288.268 	288.268 	310.186 	310.186 	310.186 	310.186 	310.186 	310.186 	310.186 	310.186 	310.186 	310.186 	310.186 	310.186 	305.713 	305.713 	305.713 	305.713 	305.713 	0.000 	0.000 	0.000 	0.000 	0.000 	0.000 	0.000 	0.000 	0.000 	0.000 	0.000 	0.000 	0.000 	0.000 	0.000 	0.000 	0.000 	0.000 	: 
M,STK_MIN_CAL,THS_T,MT	242.000 	242.000 	242.000 	253.000 	253.000 	253.000 	253.000 	253.000 	253.000 	253.000 	253.000 	253.000 	253.000 	253.000 	253.000 	216.000 	216.000 	216.000 	216.000 	216.000 	216.000 	216.000 	216.000 	216.000 	216.000 	216.000 	216.000 	221.000 	221.000 	221.000 	221.000 	221.000 	221.000 	221.000 	221.000 	221.000 	221.000 	221.000 	221.000 	123.000 	123.000 	123.000 	123.000 	123.000 	123.000 	123.000 	123.000 	123.000 	171.000 	171.000 	171.000 	169.000 	169.000 	173.000 	173.000 	173.000 	173.000 	173.000 	173.000 	173.000 	173.000 	173.000 	173.000 	109.000 	109.000 	109.000 	109.000 	109.000 	109.000 	109.000 	109.000 	109.000 	97.000 	97.000 	97.000 	106.000 	106.000 	106.000 	106.000 	106.000 	106.000 	106.000 	106.000 	106.000 	105.829 	105.829 	105.829 	105.829 	105.829 	105.829 	114.798 	114.798 	114.816 	114.816 	114.816 	114.816 	114.816 	114.816 	114.816 	114.816 	114.816 	114.816 	80.854 	80.854 	80.854 	80.854 	80.854 	80.854 	80.854 	80.854 	80.854 	80.854 	80.854 	80.854 	84.923 	84.923 	84.923 	84.923 	84.923 	84.923 	84.923 	84.923 	84.923 	84.923 	84.923 	84.923 	87.896 	87.896 	87.896 	87.896 	87.896 	87.896 	87.896 	87.896 	87.896 	87.896 	87.896 	87.896 	102.945 	102.945 	102.945 	102.945 	102.945 	100.319 	102.945 	102.945 	102.945 	102.945 	102.945 	102.945 	113.583 	113.583 	113.583 	113.583 	113.583 	113.583 	113.583 	113.583 	113.583 	113.583 	113.583 	: 
M,STK_MIN_CAL,THS_T,NL	2978.000 	2978.000 	2978.000 	2978.000 	2978.000 	2978.000 	2978.000 	2978.000 	2978.000 	2978.000 	2978.000 	2978.000 	3672.000 	3672.000 	2978.000 	3672.000 	3672.000 	3672.000 	3672.000 	3672.000 	3672.000 	3672.000 	3672.000 	3672.000 	3672.000 	3672.000 	3672.000 	3672.000 	3672.000 	3672.000 	3672.000 	3672.000 	3672.000 	3672.000 	3672.000 	3672.000 	3672.000 	3672.000 	3672.000 	3672.000 	3672.000 	3672.000 	3672.000 	3672.000 	3672.000 	3672.000 	3672.000 	3672.000 	3672.000 	3672.000 	3672.000 	3662.000 	3662.000 	3662.000 	3662.000 	3662.000 	3662.000 	3662.000 	3662.000 	3662.000 	3493.000 	3493.000 	3493.000 	3749.000 	3749.000 	3749.000 	3749.000 	3749.000 	3749.000 	3749.000 	3749.000 	3749.000 	3749.000 	3749.000 	3749.000 	3069.000 	3069.000 	3069.000 	3069.000 	3069.000 	3069.000 	3069.000 	3069.000 	3068.584 	3739.441 	3068.584 	3739.441 	3739.441 	3739.441 	3068.584 	3046.300 	3046.300 	3046.300 	3046.300 	3046.300 	3046.300 	3046.300 	3046.300 	3046.300 	3046.300 	3046.300 	3046.300 	2408.875 	2408.875 	2408.875 	2408.875 	2408.875 	2408.875 	2408.875 	2408.875 	2408.875 	2408.875 	2408.875 	2408.875 	2496.748 	2496.748 	2496.748 	2496.748 	2496.748 p	2496.748 p	2496.748 	2496.748 	2496.748 	2496.748 	2496.748 	2496.748 	2592.529 	2592.529 	2592.529 	2592.529 	2592.529 	2592.529 	2592.529 	2592.529 	2592.529 	2592.529 	2679.351 	2592.529 	2679.351 	2679.351 	2679.351 	2679.351 	2679.351 	2679.351 	2679.351 	2679.351 	2679.351 	2679.351 	2679.351 	2679.351 	2609.460 	2609.460 	2609.460 	2609.460 	2609.460 	2609.460 	2609.460 	2609.460 	3907.730 	0.000 	: 	: 
M,STK_MIN_CAL,THS_T,NO	: 	: 	: 	: 	: 	: 	: 	: 	: 	: 	: 	: 	: 	: 	: 	: 	: 	: 	: 	: 	: 	: 	: 	: 	: 	: 	: 	: 	: 	: 	: 	: 	: 	: 	: 	: 	: 	: 	: 	: 	: 	: 	: 	: 	: 	: 	: 	: 	: 	: 	: 	: 	: 	: 	: 	: 	: 	: 	: 	: 	: 	: 	: 	: 	: 	: 	: 	: 	: 	: 	: 	: 	: 	: 	: 	: 	: 	: 	: 	: 	: 	: 	: 	: 	: 	: 	: 	: 	: 	: 	: 	: 	: 	: 	: 	: 	0.000 	0.000 	0.000 	0.000 	0.000 	0.000 	0.000 	0.000 	0.000 	0.000 	0.000 	0.000 	0.000 	0.000 	0.000 	0.000 	0.000 	0.000 	0.000 	0.000 	0.000 	0.000 	0.000 	0.000 	0.000 	0.000 	0.000 	0.000 	0.000 	0.000 	0.000 	0.000 	0.000 	0.000 	0.000 	0.000 	0.000 	0.000 	0.000 	0.000 	0.000 	0.000 	0.000 	0.000 	0.000 	0.000 	0.000 	0.000 	0.000 	0.000 	0.000 	0.000 	0.000 	0.000 	0.000 	0.000 	0.000 	0.000 	0.000 	0.000 	0.000 	0.000 	0.000 	0.000 	0.000 	: 
M,STK_MIN_CAL,THS_T,PL	5934.000 	5934.000 	5934.000 	5602.000 	5602.000 	5602.000 	5602.000 	5602.000 	5602.000 	5602.000 	5602.000 	5602.000 	5602.000 	5602.000 	5602.000 	5057.000 	5057.000 	5057.000 	5057.000 	5057.000 	5057.000 	5057.000 	5057.000 	5057.000 	5057.000 	5057.000 	5057.000 	4987.000 	5057.000 	5057.000 	5057.000 	5057.000 	5057.000 	5057.000 	5057.000 	5057.000 	5057.000 	5057.000 	5057.000 	5372.000 	5372.000 	5372.000 	5372.000 	5372.000 	5372.000 	5372.000 	5372.000 	5372.000 	5372.000 	5372.000 	5372.000 	5941.000 	5941.000 	5941.000 	5941.000 	5941.000 	5941.000 	5941.000 	5941.000 	5941.000 	5941.000 	5941.000 	5941.000 	6593.000 	6593.000 	6593.000 	6593.000 	6593.000 	6593.000 	6593.000 	6593.000 	6593.000 	6784.000 	6784.000 	6784.000 	7077.000 	7077.000 	7077.000 	7077.000 	7077.000 	7077.000 	7077.000 	7077.000 	7076.804 	7096.108 	7096.108 	7096.108 	7096.108 	7096.108 	7096.108 	7220.588 	7220.588 	7220.588 	7220.588 	7220.588 	7220.588 	7101.574 	7101.574 	7101.574 	7101.574 	7101.574 	7101.574 	6642.354 	6640.422 	6640.422 	6640.422 	6640.422 	6640.422 	6640.422 	6640.422 	6640.422 	6640.422 	6640.422 	6640.422 	6658.615 p	6658.615 	6658.615 	6658.615 	6658.615 	6658.615 	6658.615 	6658.615 	6658.615 	6658.615 	6658.615 	6658.615 	6658.615 	6658.615 	6658.615 	6658.615 	6658.615 	6658.615 	7470.082 	7470.082 	7470.082 	7470.082 	7470.082 	7470.082 	7470.082 	7470.082 	7470.082 	7470.082 	7470.082 	7470.082 	7647.068 	7647.068 	7647.068 	7647.068 	7647.068 	7647.068 	7626.175 	7626.175 	7626.175 	7626.175 	7626.175 	7626.175 	7547.417 	7547.417 	7547.417 	7547.417 	7547.417 	: 
M,STK_MIN_CAL,THS_T,PT	2326.000 	1930.000 	1930.000 	1640.000 	1640.000 	1640.000 	1640.000 	1640.000 	1640.000 	1640.000 	1640.000 	1640.000 	2182.000 	2182.000 	2182.000 	2289.000 	2289.000 	2289.000 	2289.000 	2289.000 	2289.000 	2289.000 	2289.000 	2289.000 	2289.000 	2289.000 	2289.000 	2235.000 	2235.000 	2235.000 	2235.000 	2235.000 	2235.000 	2235.000 	2235.000 	2235.000 	2235.000 	2235.000 	2235.000 	2253.000 	2253.000 	2253.000 	2253.000 	2253.000 	2253.000 	2253.000 	2253.000 	2253.000 	2253.000 	2253.000 	2253.000 	2311.000 	2311.000 	2311.000 	2311.000 	2311.000 	2311.000 	2311.000 	2311.000 	2311.000 	2311.000 	2311.000 	2311.000 	2274.000 	2274.000 	2274.000 	2274.000 	2274.000 	2274.000 	2274.000 	2274.000 	2274.000 	2274.000 	2274.000 	2274.000 	2271.000 	2271.000 	2271.000 	2271.000 	2271.000 	2271.000 	2271.000 	2271.000 	2271.000 	2384.562 	2384.562 	2384.562 	2384.562 	2384.562 	2384.562 	2495.273 	2495.273 	2495.273 	2495.273 	2495.273 	2495.273 	2495.273 	2495.273 	2495.273 	2495.273 	2495.273 	2495.273 	1920.668 	1920.668 	1920.668 	2039.659 	2039.659 	2039.659 	2039.659 	2039.659 	2039.659 	2039.659 	2039.659 	2039.659 	2026.921 	2026.921 	2026.921 	2026.921 	2026.921 	2026.921 	2026.921 	2026.921 	2026.921 	2026.921 	2026.921 	2026.921 	2381.119 	2381.119 	2381.119 	2381.119 	2381.119 	2381.119 	2381.119 	2381.119 	2381.119 	2381.119 	2381.119 	2381.119 	2359.988 	2359.988 	2359.988 	2359.988 	2359.988 	2359.988 	2359.988 	2359.988 	2359.988 	2359.988 	2359.988 	2359.988 	2293.704 	2353.540 	2353.540 	2353.540 	2353.540 	2353.540 	2353.540 	2353.540 	2353.540 	2353.540 	2353.540 	: 
M,STK_MIN_CAL,THS_T,RO	1313.000 	1313.000 	1313.000 	1280.000 	1280.000 	1280.000 	1280.000 	1280.000 	1280.000 	1280.000 	1280.000 	1280.000 	1280.000 	1280.000 	1280.000 	1209.000 	1209.000 	1209.000 	1209.000 	1209.000 	1260.000 	1209.000 	1209.000 	1209.000 	1260.000 	1209.000 	1209.000 	1235.000 	1235.000 	1235.000 	1235.000 	1235.000 	1235.000 	1235.000 	1235.000 	1235.000 	1235.000 	1235.000 	1235.000 	1253.000 	1253.000 	1253.000 	1253.000 	1253.000 	1253.000 	1253.000 	1253.000 	1253.000 	1253.000 	1253.000 	1253.000 	1326.000 	1326.000 	1326.000 	1326.000 	1326.000 	1326.000 	1326.000 	1326.000 	1326.000 	1326.000 	1326.000 	1326.000 	1431.000 	1431.000 	1431.000 	1431.000 	1431.000 	1431.000 	1431.000 	1431.000 	1431.000 	1431.000 	1431.000 	1431.000 	1484.000 	1484.000 	1484.000 	1484.000 	1484.000 	1484.000 	1484.000 	1484.000 	1484.000 	1483.857 	1483.857 	1483.857 	1483.857 	1483.857 	1483.857 	1506.134 	1506.134 	1506.134 	1506.134 	1506.134 	1506.134 	1506.134 	1506.134 	1506.134 	1506.134 	1506.134 	1506.134 	1576.284 	1576.284 	1576.284 	1576.284 	1576.284 	1576.284 	1576.284 	1576.284 	1576.284 	1576.284 	1576.284 	1576.284 	1812.366 	1812.366 	1812.366 p	1812.366 	1812.366 	1812.366 	1812.366 	1812.366 	1812.366 	1812.366 	1812.366 	1812.366 	1826.495 	1826.495 	1826.495 	1826.495 	1826.495 	1826.495 	1826.495 	1826.495 	1826.495 	1826.495 	1826.495 	1826.495 	1947.876 	1947.876 	1947.876 	1947.876 	1947.876 	1947.876 	1928.969 	1928.969 	1928.969 	1928.969 	1928.969 	1928.969 	2034.712 	2034.712 	2034.712 	2034.712 	2034.712 	2034.712 	2034.712 	2034.712 	2034.712 	2034.712 	: 	: 
M,STK_MIN_CAL,THS_T,RS	: 	: 	: 	: 	: 	: 	: 	: 	: 	: 	: 	: 	: 	: 	: 	: 	: 	: 	: 	: 	: 	: 	: 	: 	: 	: 	: 	: 	: 	: 	: 	: 	: 	: 	: 	: 	: 	: 	: 	: 	: 	: 	: 	: 	: 	: 	: 	: 	: 	: 	: 	: 	: 	: 	: 	: 	: 	: 	: 	: 	: 	: 	: 	: 	: 	: 	: 	: 	: 	: 	: 	: 	: 	: 	: 	: 	: 	: 	: 	: 	: 	: 	: 	: 	0.000 	0.000 	0.000 	0.000 	0.000 	0.000 	0.000 	0.000 	0.000 	0.000 	0.000 	0.000 	0.000 	0.000 	0.000 	0.000 	0.000 	0.000 	0.000 	0.000 	0.000 	0.000 	0.000 	0.000 	0.000 	0.000 	0.000 	0.000 	0.000 	0.000 	0.000 	0.000 	0.000 	0.000 	0.000 	0.000 	591.369 	591.369 	591.369 	591.369 	591.369 	591.369 	675.750 	675.750 	675.750 	675.750 	675.750 	675.750 	675.750 	675.750 	675.749 	675.749 	675.749 	675.749 	686.612 	686.612 	686.612 	686.612 	686.612 	686.612 	686.612 	686.612 	686.612 	686.612 	686.612 	686.612 	689.637 	689.637 	689.637 	689.637 	689.637 	689.637 	689.637 	689.637 	689.637 	689.637 	689.637 	: 
M,STK_MIN_CAL,THS_T,SE	2909.000 	2909.000 	2909.000 	2816.000 	2816.000 	2816.000 	2816.000 	2816.000 	2816.000 	2816.000 	2816.000 	2816.000 	2816.000 	2816.000 	2816.000 	2769.000 	2769.000 	2769.000 	2769.000 	2769.000 	2769.000 	2769.000 	2769.000 	2769.000 	2769.000 	2769.000 	2769.000 	2619.000 	2619.000 	2619.000 	2619.000 	2619.000 	2619.000 	2619.000 	2619.000 	2619.000 	2619.000 	2619.000 	2619.000 	2149.000 	2149.000 	2149.000 	2149.000 	2149.000 	2149.000 	2149.000 	2149.000 	2149.000 	2149.000 	2149.000 	2149.000 	2612.000 	2612.000 	2612.000 	2612.000 	2612.000 	2612.000 	2612.000 	2612.000 	2612.000 	2612.000 	2612.000 	2612.000 	2233.000 	2233.000 	2233.000 	2233.000 	2233.000 	2233.000 	2233.000 	2233.000 	2233.000 	2233.000 	2233.000 	2233.000 	2233.000 	2233.000 	2233.000 	2233.000 	2233.000 	2233.000 	2233.000 	2233.000 	2233.492 	2233.492 	2233.492 	2233.492 	2233.492 	2233.492 	2233.492 	2230.307 	2230.307 	2230.307 p	2230.307 	2230.307 	2230.307 	2230.307 	2230.307 	2230.307 	2230.307 	2230.307 	2230.307 	1656.020 	1656.020 	1656.020 	1656.020 	1656.020 	1656.020 	1656.020 	1656.020 	1656.020 	1656.020 	1656.020 	1656.020 	1886.448 	1886.448 	1886.448 	1886.448 	1886.448 	1886.448 	1886.448 	1886.448 	1886.448 	1886.448 	1886.448 	1886.448 	1886.448 	1886.448 	1886.448 	1886.448 	1886.448 	1886.448 	1886.448 	1886.448 	1886.448 	1886.448 	1886.448 	1886.448 	1934.611 	1934.611 	1934.611 	1934.611 	1934.611 	1934.611 	1934.611 	1934.611 	1934.611 	1934.611 	1934.611 	1934.611 	1929.326 	1929.326 	1929.326 	1929.326 	1929.326 	: 	1929.326 	1929.326 	1929.326 	1929.326 	1929.326 	: 
M,STK_MIN_CAL,THS_T,SI	663.000 	663.000 	662.000 	641.000 	641.000 	641.000 	641.000 	641.000 	641.000 	641.000 	641.000 	641.000 	641.000 	641.000 	641.000 	587.000 	587.000 	587.000 	587.000 	587.000 	587.000 	587.000 	587.000 	587.000 	587.000 	587.000 	587.000 	580.000 	580.000 	580.000 	580.000 	580.000 	580.000 	580.000 	580.000 	580.000 	580.000 	580.000 	580.000 	574.000 	574.000 	574.000 	574.000 	574.000 	574.000 	574.000 	574.000 	574.000 	574.000 	574.000 	574.000 	602.000 	603.000 	602.000 	602.000 	602.000 	602.000 	602.000 	602.000 	602.000 	602.000 	602.000 	602.000 	575.000 	575.000 	575.000 	575.000 	575.000 	575.000 	575.000 	575.000 	575.000 	575.000 	575.000 	575.000 	593.000 	593.000 	593.000 	593.000 	593.000 	593.000 	593.000 	593.000 	593.000 	593.482 	593.482 	593.482 	593.482 	593.482 	593.482 	560.919 	560.919 	560.919 	560.919 	560.919 	560.919 	560.919 	560.919 	560.919 	560.919 	560.919 	560.919 	497.844 	497.844 	497.844 	497.844 	497.844 	497.844 	497.844 	497.844 	497.844 	497.844 	497.844 	497.844 	540.962 	540.962 	540.962 	540.962 	540.962 	540.962 	540.962 	540.962 	540.962 	540.962 	540.962 	540.962 	620.530 	620.530 	620.530 	620.530 	620.530 	620.530 	620.530 	620.530 	620.530 	620.530 	620.530 	620.530 	540.699 	540.699 	540.699 	540.699 	540.699 	540.699 	540.699 	540.699 	540.699 	540.699 	540.699 	540.699 	529.008 	529.008 	529.008 	529.008 	529.008 	529.008 	529.008 	529.008 	529.008 	529.008 	529.008 	: 
M,STK_MIN_CAL,THS_T,SK	600.000 	600.000 	600.000 	636.000 	636.000 	636.000 	636.000 	636.000 	636.000 	636.000 	636.000 	636.000 	636.000 	636.000 	636.000 	623.000 	623.000 	623.000 	623.000 	623.000 	623.000 	623.000 	623.000 	623.000 	623.000 	623.000 	623.000 	662.000 	662.000 	662.000 	662.000 	662.000 	662.000 	662.000 	662.000 	662.000 	662.000 	662.000 	662.000 	719.000 	719.000 	719.000 	719.000 	719.000 	719.000 	719.000 	719.000 	719.000 	719.000 	719.000 	719.000 	779.000 	779.000 	779.000 	779.000 	779.000 	779.000 	779.000 	779.000 	779.000 	779.000 	779.000 	779.000 	736.000 	736.000 	736.000 	736.000 	736.000 	736.000 	736.000 	736.000 	736.000 	736.000 	736.000 	736.000 	801.000 	801.000 	801.000 	801.000 	801.000 	801.000 	801.000 	801.000 	801.000 	800.975 	800.975 	800.975 	800.975 	800.975 	800.975 	712.537 	712.537 	712.537 	712.537 	712.537 	712.537 	712.537 	712.537 	712.537 	712.537 	712.537 	712.537 	633.359 	633.359 	633.359 	633.359 	633.359 	633.359 	633.359 	633.359 	633.359 	633.359 	633.359 	633.359 	675.589 	675.589 	675.589 	675.589 	675.589 	675.589 	675.589 	675.589 	675.589 	675.589 	675.589 	675.589 p	705.934 	705.934 	705.934 	705.934 	705.934 	705.934 	705.934 	705.934 	705.934 	705.934 	705.934 	705.934 	714.018 	714.018 	714.018 	714.018 	714.018 	714.018 	714.018 	714.018 	714.018 	714.018 	714.018 	714.018 	783.090 	783.090 	783.090 	783.090 	783.090 	783.090 	783.090 	783.090 	783.090 	783.090 	783.090 	: 
M,STK_MIN_CAL,THS_T,TR	: 	: 	: 	: 	: 	: 	: 	: 	: 	: 	: 	: 	: 	: 	: 	: 	: 	: 	: 	: 	: 	: 	: 	: 	: 	: 	: 	: 	: 	: 	: 	: 	: 	: 	: 	: 	: 	: 	: 	: 	: 	: 	: 	: 	: 	: 	: 	: 	: 	: 	: 	: 	: 	: 	: 	: 	: 	: 	: 	: 	: 	: 	: 	: 	: 	: 	: 	: 	: 	: 	: 	: 	: 	: 	: 	: 	: 	: 	: 	: 	: 	: 	: 	: 	: 	: 	: 	: 	: 	: 	: 	: 	: 	: 	: 	: 	0.000 	0.000 	0.000 	0.000 	0.000 	0.000 	0.000 	0.000 	0.000 	0.000 	0.000 	0.000 	0.000 	0.000 	0.000 	0.000 	0.000 	0.000 	0.000 	0.000 	0.000 	0.000 	0.000 	0.000 	0.000 	0.000 	0.000 	0.000 	0.000 	0.000 	0.000 	0.000 	0.000 	0.000 	0.000 	0.000 	0.000 	0.000 	0.000 	0.000 	0.000 	0.000 	0.000 	0.000 	0.000 	0.000 	0.000 	0.000 	0.000 	0.000 	0.000 	0.000 	0.000 	0.000 	0.000 	0.000 	0.000 	0.000 	0.000 	0.000 	: 	: 	0.000 	0.000 	0.000 	: 
M,STK_MIN_CAL,THS_T,UK	11270.000 	11270.000 	11270.000 	10927.000 	10927.000 	10927.000 	10927.000 	10927.000 	10927.000 	10927.000 	10927.000 	10927.000 	11015.000 	11015.000 	11015.000 	10830.000 	10830.000 	10830.000 	10830.000 	10830.000 	10830.000 	10830.000 	10830.000 	10830.000 	10830.000 	10830.000 	10830.000 	11018.000 	11018.000 	11018.000 	11018.000 	11018.000 	11018.000 	11018.000 	11018.000 	11018.000 	11018.000 	11018.000 	11018.000 	10986.000 	10986.000 	10986.000 	10986.000 	10986.000 	10986.000 	10986.000 	10986.000 	10986.000 	10986.000 	10986.000 	10986.000 	11196.000 	11196.000 	11196.000 	11196.000 	11196.000 	11196.000 	11196.000 	11196.000 	11196.000 	11196.000 	11196.000 	11329.000 	11360.000 	11360.000 	11360.000 	11360.000 	11360.000 	11360.000 	11360.000 	11360.000 	11360.000 	11360.000 	11360.000 	11360.000 	11360.000 	11008.000 	11008.000 	11008.000 	11008.000 	11008.000 	11008.000 	11008.000 	11007.876 	11007.771 	11007.771 	11007.771 	11007.771 	10913.043 	10913.043 	10913.043 	10913.043 	10913.043 	10913.043 	: 	: 	: 	: 	: 	: 	: 	: 	: 	: 	: 	: 	: 	: 	: 	: 	: 	: 	: 	: 	: 	: 	: 	: 	: 	: 	: 	: 	: 	: 	: 	: 	: 	: 	: 	: 	: 	: 	: 	: 	: 	: 	: 	: 	: 	: 	: 	: 	: 	: 	: 	: 	: 	: 	: 	: 	: 	: 	: 	: 	: 	: 	: 	: 	: 	: 	: 	: 
